player_name,draft_year,draft_pick,draft_round,draft_age,college,position,position_group,bpm_college,stl_pct,orb_pct,blk_pct,ast_pct,ts_pct,ft_pct,three_par,usg_pct,dws,program_srs,college_season_year,vorp_yr2_5_avg,ws48_yr2_5_avg,bpm_yr2_5_avg,years_available,bbref_url,cbb_url,school_name,per,ows,obpm,dbpm,ortg,ws_40,pts_pg,trb_pg,ast_pg,stl_pg,blk_pg,tov_pg,fg_pct,fg3_pct,mp_pg,games_played
John Wall,2010,1,1,19.8,Kentucky,Point Guard,G,,2.9,2.7,1.5,34.8,0.562,0.754,0.26,25.7,2.6,21.13,2010.0,2.9,0.11625,2.725,4,/players/w/walljo01.html,https://www.sports-reference.com/cbb/players/john-wall-1.html,Kentucky,22.3,3.7,,,,0.19565217391304346,16.6,4.3,6.5,1.8,0.5,4.0,0.461,0.325,34.8,37.0
Evan Turner,2010,2,1,21.7,Ohio State,"Small Forward, Shooting Guard,",G,,3.0,7.3,2.9,37.5,0.581,0.758,0.12,33.1,2.8,4.56,2010.0,-0.05,0.046,-1.975,4,/players/t/turneev01.html,https://www.sports-reference.com/cbb/players/evan-turner-1.html,Ohio St.,30.0,4.0,,,,0.24548736462093862,20.4,9.2,6.0,1.7,0.9,4.4,0.519,0.364,35.7,31.0
Derrick Favors,2010,3,1,18.9,Georgia Tech,Power Forward,BIG,,1.8,12.6,7.9,7.9,0.621,0.629,0.003,21.8,2.5,14.11,2010.0,1.2,0.12725,0.2499999999999999,4,/players/f/favorde01.html,https://www.sports-reference.com/cbb/players/derrick-favors-1.html,Ga Tech,24.5,2.3,,,,0.1941354903943377,12.4,8.4,1.0,0.9,2.1,2.5,0.611,0.0,27.5,36.0
Wesley Johnson,2010,4,1,23.0,Syracuse,Small Forward,F,,2.7,7.6,5.7,11.1,0.6,0.772,0.299,22.1,2.9,,,0.075,0.02475,-2.1,4,/players/j/johnswe01.html,https://www.sports-reference.com/cbb/players/wes-johnson-1.html,,24.2,3.7,,,,0.2156862745098039,16.5,8.5,2.2,1.7,1.8,2.3,0.502,0.415,35.0,35.0
DeMarcus Cousins,2010,5,1,19.9,Kentucky,Center,BIG,,2.4,19.8,7.5,9.2,0.579,0.604,0.016,30.5,2.7,21.13,2010.0,2.3000000000000003,0.1265,2.225,4,/players/c/couside01.html,https://www.sports-reference.com/cbb/players/demarcus-cousins-1.html,Kentucky,34.2,3.8,,,,0.29115341545352746,15.1,9.8,1.0,1.0,1.8,2.1,0.558,0.167,23.5,38.0
Ekpe Udoh,2010,6,1,23.1,Baylor,Center,BIG,,,,7.6,8.0,0.48,0.588,0.057,15.3,4.5,,,-0.0749999999999999,0.069,-2.3,4,/players/u/udohek01.html,https://www.sports-reference.com/cbb/players/ekpe-udoh-1.html,,24.9,3.4,,,,0.19303797468354428,13.9,9.8,2.7,0.8,3.7,2.4,0.49,0.269,35.1,36.0
Greg Monroe,2010,7,1,20.1,Georgetown,Center,BIG,,2.2,8.6,4.9,22.4,0.567,0.677,0.07,26.7,2.3,17.03,2010.0,2.175,0.13125,1.7,4,/players/m/monrogr01.html,https://www.sports-reference.com/cbb/players/greg-monroe-1.html,Georgetown,25.2,3.2,,,,0.18900343642611683,16.1,9.6,3.8,1.2,1.5,3.3,0.525,0.259,34.2,34.0
Al-Farouq Aminu,2010,8,1,19.8,Wake Forest,Power Forward,BIG,,2.6,14.6,4.5,9.1,0.524,0.687,0.176,27.5,2.2,11.45,2010.0,0.65,0.076,-0.55,4,/players/a/aminual01.html,https://www.sports-reference.com/cbb/players/al-farouq-aminu-1.html,Wake Forest,24.4,2.0,,,,0.17731958762886596,15.8,10.7,1.3,1.4,1.4,3.2,0.447,0.273,31.3,31.0
Gordon Hayward,2010,9,1,20.3,Butler,Small Forward,F,,2.0,7.6,2.8,12.1,0.601,0.824,0.429,24.7,3.0,14.37,2010.0,2.475,0.115,2.075,4,/players/h/haywago01.html,https://www.sports-reference.com/cbb/players/gordon-hayward-1.html,Butler,24.3,4.0,,,,0.22276029055690072,15.5,8.2,1.7,1.1,0.8,2.3,0.464,0.294,33.5,37.0
Paul George,2010,10,1,20.1,Fresno State,"Small Forward, Power Forward,",BIG,,4.0,6.7,2.9,22.4,0.572,0.803,0.46,27.9,1.8,-4.38,2010.0,3.0250000000000004,0.1157499999999999,2.475,4,/players/g/georgpa01.html,https://www.sports-reference.com/cbb/players/paul-george-1.html,Fresno St.,24.3,2.3,,,,0.17463617463617465,16.8,7.2,3.0,2.2,0.8,3.2,0.424,0.353,33.2,29.0
Cole Aldrich,2010,11,1,21.6,Kansas,Center,BIG,,1.6,13.6,13.0,5.8,0.596,0.729,0.0,19.9,2.9,24.68,2010.0,0.2249999999999999,0.13275,-0.0249999999999999,4,/players/a/aldrico01.html,https://www.sports-reference.com/cbb/players/cole-aldrich-1.html,Kansas,27.9,3.0,,,,0.245067497403946,11.3,9.8,0.9,0.8,3.5,1.6,0.562,,26.8,36.0
Xavier Henry,2010,12,1,19.3,Kansas,Small Forward,F,,3.1,5.2,1.8,9.8,0.591,0.783,0.466,23.4,2.1,24.68,2010.0,-0.325,0.001,-4.925,4,/players/h/henryxa01.html,https://www.sports-reference.com/cbb/players/xavier-henry-1.html,Kansas,21.5,2.8,,,,0.197979797979798,13.4,4.4,1.5,1.5,0.5,1.9,0.458,0.418,27.5,36.0
Ed Davis,2010,13,1,21.1,UNC,Power Forward,BIG,,0.9,10.8,9.5,6.8,0.607,0.623,0.0,21.5,1.3,10.14,2010.0,0.85,0.14325,0.05,4,/players/d/davised01.html,https://www.sports-reference.com/cbb/players/ed-davis-1.html,UNC,26.4,1.8,,,,0.19344773790951642,13.4,9.6,1.0,0.4,2.8,2.0,0.578,,27.9,23.0
Patrick Patterson,2010,14,1,21.3,Kentucky,Power Forward,BIG,,1.2,10.6,4.1,5.5,0.624,0.734,0.184,18.0,2.4,21.13,2010.0,1.0,0.1045,2.0816681711721685e-17,4,/players/p/pattepa01.html,https://www.sports-reference.com/cbb/players/patrick-patterson-1.html,Kentucky,23.8,4.6,,,,0.22310756972111553,14.3,7.4,0.9,0.7,1.3,1.1,0.575,0.348,33.0,38.0
Larry Sanders,2010,15,1,21.6,VCU,Center,BIG,,1.6,12.9,9.1,7.7,0.563,0.577,0.044,26.7,2.2,10.23,2010.0,0.4,0.1025,-1.225,4,/players/s/sandela01.html,https://www.sports-reference.com/cbb/players/larry-sanders-1.html,VCU,29.5,3.2,,,,0.2295430393198725,14.4,9.1,1.0,0.7,2.6,1.7,0.534,0.25,26.9,35.0
Luke Babbitt,2010,16,1,21.0,Nevada,Small Forward,F,,1.6,6.6,1.9,11.0,0.614,0.893,0.201,26.8,1.3,6.5,2010.0,0.075,0.06925,-1.55,4,/players/b/babbilu01.html,https://www.sports-reference.com/cbb/players/luke-babbitt-1.html,Nevada,27.7,5.4,,,,0.2126984126984127,21.9,8.9,2.1,1.0,0.8,2.4,0.5,0.416,37.1,34.0
Eric Bledsoe,2010,18,1,20.5,Kentucky,Point Guard,G,,2.6,1.9,1.1,16.8,0.566,0.667,0.41,20.4,2.1,21.13,2010.0,1.725,0.099,1.775,4,/players/b/bledser01.html,https://www.sports-reference.com/cbb/players/eric-bledsoe-1.html,Kentucky,14.5,1.5,,,,0.12477718360071301,11.3,3.1,2.9,1.4,0.3,3.0,0.462,0.383,30.3,37.0
Avery Bradley,2010,19,1,19.6,Texas,Shooting Guard,G,,2.4,3.5,1.6,12.4,0.496,0.545,0.304,20.4,1.6,18.56,2010.0,-0.125,0.048,-2.375,4,/players/b/bradlav01.html,https://www.sports-reference.com/cbb/players/avery-bradley-1.html,Texas,14.9,1.6,,,,0.127617148554337,11.6,2.9,2.1,1.3,0.5,1.5,0.432,0.375,29.5,34.0
James Anderson,2010,20,1,21.3,Oklahoma State,Shooting Guard,G,,2.4,6.7,2.0,16.5,0.596,0.797,0.439,31.5,1.7,6.24,2010.0,-0.0999999999999999,0.0616666666666666,-1.9,3,/players/a/anderja01.html,https://www.sports-reference.com/cbb/players/james-anderson-3.html,Oklahoma St.,29.2,5.2,,,,0.24555160142348753,22.3,5.8,2.4,1.4,0.6,2.4,0.457,0.341,34.1,33.0
Craig Brackins,2010,21,1,22.7,Iowa State,Power Forward,BIG,,1.3,6.6,3.3,13.1,0.498,0.726,0.19,26.1,1.8,2.12,2010.0,-0.2,-0.065,-9.0,1,/players/b/brackcr01.html,https://www.sports-reference.com/cbb/players/craig-brackins-1.html,Iowa St.,20.2,2.2,,,,0.14234875444839856,16.5,8.5,2.2,0.8,1.2,2.1,0.42,0.31,35.1,32.0
Elliot Williams,2010,22,1,21.0,Memphis,Shooting Guard,G,,2.4,2.7,0.4,24.0,0.599,0.758,0.423,27.7,1.5,,,-0.3333333333333333,0.0526666666666666,-2.833333333333333,3,/players/w/williel01.html,https://www.sports-reference.com/cbb/players/elliot-williams-1.html,,23.6,4.1,,,,0.19770520741394526,17.9,4.0,3.8,1.3,0.1,2.9,0.459,0.366,33.3,34.0
Trevor Booker,2010,23,1,22.6,Clemson,Power Forward,BIG,,2.5,10.1,4.6,17.4,0.549,0.624,0.094,24.6,2.5,15.71,2010.0,0.5,0.12025,-0.525,4,/players/b/booketr01.html,https://www.sports-reference.com/cbb/players/trevor-booker-1.html,Clemson,26.4,3.0,,,,0.22357723577235772,15.2,8.4,2.5,1.3,1.4,1.9,0.521,0.265,30.8,32.0
Damion James,2010,24,1,22.7,Texas,Small Forward,F,,3.0,11.0,3.6,6.1,0.578,0.64,0.224,26.3,2.7,18.56,2010.0,-0.0666666666666666,-0.0164999999999999,-5.35,3,/players/j/jamesda01.html,https://www.sports-reference.com/cbb/players/damion-james-1.html,Texas,28.8,3.8,,,,0.25267249757045673,18.0,10.3,1.0,1.7,1.2,2.0,0.501,0.383,30.3,34.0
Dominique Jones,2010,25,1,21.7,South Florida,Shooting Guard,G,,2.8,3.6,1.6,24.4,0.562,0.737,0.339,30.8,1.9,-9.31,2010.0,-0.05,0.0225,-2.65,2,/players/j/jonesdo02.html,https://www.sports-reference.com/cbb/players/dominique-jones-1.html,South Fla.,26.6,4.3,,,,0.20261437908496732,21.4,6.1,3.6,1.7,0.6,2.9,0.45,0.311,37.1,33.0
Quincy Pondexter,2010,26,1,22.3,Washington,Small Forward,F,,2.2,10.3,1.8,11.2,0.608,0.768,0.11,25.6,2.0,15.64,2010.0,0.15,0.087,-1.55,4,/players/p/pondequ01.html,https://www.sports-reference.com/cbb/players/quincy-pondexter-1.html,Washington,28.1,5.2,,,,0.2512908777969019,19.3,7.4,1.8,1.3,0.6,1.9,0.528,0.353,32.3,36.0
Jordan Crawford,2010,27,1,21.7,Xavier,Shooting Guard,G,,2.4,3.4,0.6,20.1,0.564,0.773,0.359,30.8,1.8,,,0.3999999999999999,0.0513333333333333,-1.0666666666666669,3,/players/c/crawfjo02.html,https://www.sports-reference.com/cbb/players/jordan-crawford-1.html,,25.4,4.1,,,,0.20575414123801222,20.5,4.7,2.9,1.3,0.2,2.4,0.462,0.391,32.8,35.0
Greivis Vásquez,2010,28,1,23.4,Maryland,Point Guard,G,,2.8,3.8,1.0,35.2,0.549,0.828,0.374,30.2,1.9,17.75,2010.0,0.675,0.0735,-0.7250000000000001,4,/players/v/vasqugr01.html,https://www.sports-reference.com/cbb/players/greivis-vasquez-1.html,Maryland,25.6,4.0,,,,0.20714285714285713,19.6,4.6,6.3,1.7,0.4,3.4,0.429,0.359,33.9,33.0
Daniel Orton,2010,29,1,19.9,Kentucky,Center,BIG,,2.4,10.3,10.6,5.0,0.533,0.524,0.022,15.0,1.3,21.13,2010.0,-0.0333333333333333,0.1043333333333333,-3.3666666666666667,3,/players/o/ortonda01.html,https://www.sports-reference.com/cbb/players/daniel-orton-1.html,Kentucky,15.5,0.3,,,,0.13545816733067728,3.4,3.3,0.4,0.6,1.4,1.0,0.527,0.0,13.2,38.0
Lazar Hayward,2010,30,1,23.6,Marquette,Small Forward,F,,3.6,8.2,1.7,11.2,0.536,0.789,0.362,31.6,2.2,15.17,2010.0,-0.1,0.0234999999999999,-5.2,2,/players/h/haywala01.html,https://www.sports-reference.com/cbb/players/lazar-hayward-1.html,Marquette,25.7,3.2,,,,0.19690063810391978,18.1,7.5,1.5,1.9,0.5,2.0,0.432,0.349,32.3,34.0
Dexter Pittman,2010,32,2,22.3,Texas,Center,BIG,,1.0,16.6,8.9,5.1,0.638,0.601,0.0,23.6,1.3,18.56,2010.0,-0.1333333333333333,-0.062,-16.366666666666667,3,/players/p/pittmde01.html,https://www.sports-reference.com/cbb/players/dexter-pittman-1.html,Texas,27.6,2.1,,,,0.20987654320987656,10.4,5.9,0.5,0.4,1.9,1.8,0.654,,19.1,34.0
Hassan Whiteside,2010,33,2,21.0,Marshall,Center,BIG,,1.2,11.9,18.8,2.2,0.548,0.588,0.016,25.8,2.5,7.8,2010.0,0.9,0.147,1.2499999999999998,2,/players/w/whiteha01.html,https://www.sports-reference.com/cbb/players/hassan-whiteside-1.html,Marshall,29.1,2.0,,,,0.20247469066366702,13.1,8.9,0.3,0.6,5.4,1.9,0.524,0.6,26.1,34.0
Armon Johnson,2010,34,2,21.3,Nevada,Point Guard,G,,1.4,2.6,0.9,30.4,0.537,0.75,0.161,25.7,0.5,6.5,2010.0,0.0,0.05,-1.7,1,/players/j/johnsar02.html,https://www.sports-reference.com/cbb/players/armon-johnson-1.html,Nevada,18.8,2.5,,,,0.10238907849829351,15.7,3.4,5.6,0.8,0.4,3.4,0.495,0.239,34.5,34.0
Terrico White,2010,36,2,,Ole Miss,,F,,1.5,5.3,0.6,9.1,0.526,0.68,0.4,23.9,1.2,,2010.0,0.0,0.0,0.0,0,/players/w/whitete01.html,https://www.sports-reference.com/cbb/players/terrico-white-1.html,Ole Miss,19.1,3.0,,,,0.14868540344514958,15.1,4.6,1.5,0.9,0.2,1.3,0.43,0.341,31.5,35.0
Darington Hobson,2010,37,2,22.7,New Mexico,Shooting Guard,G,,2.2,6.9,1.6,29.3,0.52,0.653,0.246,26.9,2.2,12.49,2010.0,-0.1,-0.225,-13.0,1,/players/h/hobsoda01.html,https://www.sports-reference.com/cbb/players/darington-hobson-1.html,New Mexico,23.5,3.0,,,,0.17702127659574468,15.9,9.3,4.6,1.3,0.4,3.0,0.44,0.361,33.6,35.0
Andy Rautins,2010,38,2,23.6,Syracuse,Shooting Guard,G,,3.4,2.0,0.8,23.9,0.632,0.763,0.811,18.4,2.1,21.72,2010.0,0.0,0.0,0.0,0,/players/r/rautian01.html,https://www.sports-reference.com/cbb/players/andy-rautins-1.html,Syracuse,18.5,2.9,,,,0.17238346525945472,12.1,3.4,4.9,2.0,0.2,2.8,0.438,0.407,32.5,35.0
Landry Fields,2010,39,2,22.0,Stanford,Small Forward,F,,2.6,7.9,2.3,19.5,0.56,0.676,0.17,31.5,1.8,5.71,2010.0,0.325,0.0665,-0.825,4,/players/f/fieldla01.html,https://www.sports-reference.com/cbb/players/landry-fields-1.html,Stanford,28.9,4.2,,,,0.20671834625323,22.0,8.8,2.8,1.6,0.8,2.6,0.49,0.337,36.3,32.0
Lance Stephenson,2010,40,2,19.8,Cincinnati,"Shooting Guard, Small Forward,",G,,1.9,7.3,0.7,19.1,0.493,0.664,0.198,26.2,1.3,9.98,2010.0,0.575,0.047,-1.725,4,/players/s/stephla01.html,https://www.sports-reference.com/cbb/players/lance-stephenson-1.html,Cincinnati,17.9,1.4,,,,0.11666666666666665,12.3,5.4,2.5,0.9,0.2,2.4,0.44,0.219,28.2,34.0
Jarvis Varnado,2010,41,2,22.3,Mississippi State,Power Forward,BIG,,1.2,10.6,14.2,6.2,0.597,0.595,0.0,21.6,3.2,-4.38,2010.0,-0.05,0.0275,-5.9,2,/players/v/varnaja01.html,https://www.sports-reference.com/cbb/players/jarvis-varnado-1.html,Miss. St.,28.4,3.1,,,,0.22085889570552147,13.8,10.3,0.9,0.7,4.7,2.0,0.582,,31.7,36.0
Da'Sean Butler,2010,42,2,,West Virginia,,F,,1.7,5.0,1.3,19.2,0.541,0.732,0.394,25.0,2.1,19.16,2010.0,0.0,0.0,0.0,0,/players/b/butleda03.html,https://www.sports-reference.com/cbb/players/dasean-butler-1.html,West Virginia,22.5,5.0,,,,0.20882352941176469,17.2,6.2,3.1,1.0,0.4,1.8,0.414,0.354,35.8,38.0
Devin Ebanks,2010,43,2,20.7,West Virginia,Shooting Guard,G,,1.9,9.5,2.2,14.7,0.527,0.736,0.095,20.1,2.1,19.16,2010.0,-0.25,0.004,-5.95,2,/players/e/ebankde01.html,https://www.sports-reference.com/cbb/players/devin-ebanks-1.html,West Virginia,19.7,2.6,,,,0.15848406546080965,12.0,8.1,2.4,1.1,0.7,2.2,0.457,0.1,34.1,34.0
Jerome Jordan,2010,44,2,23.7,Tulsa,Center,BIG,,0.9,9.6,7.5,9.8,0.595,0.696,0.0,26.0,2.3,8.46,2010.0,0.1,0.1835,-0.7,2,/players/j/jordaje01.html,https://www.sports-reference.com/cbb/players/jerome-jordan-1.html,Tulsa,27.4,3.4,,,,0.21476510067114093,15.4,9.1,1.3,0.5,2.3,2.3,0.549,,29.8,35.0
Gani Lawal,2010,46,2,21.6,Georgia Tech,Power Forward,BIG,,1.0,13.0,5.6,3.4,0.547,0.552,0.003,26.1,2.2,14.11,2010.0,0.0,0.0,0.0,0,/players/l/lawalga01.html,https://www.sports-reference.com/cbb/players/gani-lawal-1.html,Ga Tech,22.8,1.9,,,,0.17634408602150536,13.1,8.5,0.4,0.4,1.4,2.2,0.529,0.0,25.8,36.0
Tiny Gallon,2010,47,2,,Oklahoma,,F,,1.7,13.1,3.3,7.5,0.584,0.697,0.076,23.7,0.8,6.24,2010.0,0.0,0.0,0.0,0,/players/g/galloti01.html,https://www.sports-reference.com/cbb/players/tiny-gallon-1.html,Oklahoma,21.4,1.4,,,,0.12222222222222223,10.3,7.9,0.8,0.7,0.8,2.3,0.547,0.235,24.0,30.0
Solomon Alabi,2010,50,2,22.3,Florida State,Center,BIG,,1.4,11.6,10.4,4.4,0.596,0.745,0.0,22.8,2.1,11.89,2010.0,0.0,0.083,-2.2,1,/players/a/alabiso01.html,https://www.sports-reference.com/cbb/players/solomon-alabi-1.html,Florida St.,24.0,2.2,,,,0.2097560975609756,11.7,6.2,0.5,0.6,2.3,1.9,0.534,,25.6,32.0
Magnum Rolle,2010,51,2,,Louisiana Tech,,F,,1.5,13.2,7.0,5.9,0.55,0.657,0.003,24.2,3.9,,,0.0,0.0,0.0,0,/players/r/rollema01.html,https://www.sports-reference.com/cbb/players/magnum-rolle-1.html,,24.0,2.6,,,,0.16390243902439025,13.9,8.4,0.8,0.8,2.1,2.0,0.514,,30.1,34.0
Luke Harangody,2010,52,2,22.5,Notre Dame,Power Forward,BIG,,0.9,8.3,2.1,11.8,0.552,0.782,0.16,34.6,1.0,13.14,2010.0,-0.1,0.046,-3.0,1,/players/h/haranlu01.html,https://www.sports-reference.com/cbb/players/luke-harangody-1.html,Notre Dame,29.3,4.0,,,,0.2062689585439838,21.8,9.1,1.6,0.5,0.7,1.8,0.481,0.309,33.0,30.0
Willie Warren,2010,54,2,20.7,Oklahoma,Point Guard,G,,1.8,2.3,0.2,27.8,0.567,0.788,0.401,28.7,0.2,6.24,2010.0,0.0,0.0,0.0,0,/players/w/warrewi01.html,https://www.sports-reference.com/cbb/players/willie-warren-1.html,Oklahoma,19.0,1.4,,,,0.10029498525073746,16.3,3.3,4.1,1.0,0.0,3.8,0.438,0.309,32.3,21.0
Jeremy Evans,2010,55,2,22.7,Western Kentucky,Small Forward,F,,1.9,13.5,7.2,5.9,0.668,0.684,0.057,16.8,1.6,,2010.0,0.325,0.1885,2.625,4,/players/e/evansje01.html,https://www.sports-reference.com/cbb/players/jeremy-evans-1.html,Western Ky.,25.7,3.2,,,,0.2175360710321865,10.0,6.9,0.7,0.8,1.8,1.1,0.649,0.25,26.5,34.0
Hamady N'Diaye,2010,56,2,23.4,Rutgers University,Center,BIG,,0.8,9.4,14.5,3.3,0.594,0.592,0.0,16.6,1.3,1.29,2010.0,-0.05,-0.1885,-14.45,2,/players/n/ndiayha01.html,https://www.sports-reference.com/cbb/players/hamady-ndiaye-1.html,Rutgers,22.3,1.7,,,,0.1323042998897464,9.4,7.1,0.4,0.4,4.5,1.5,0.579,,28.3,32.0
Ryan Reid,2010,57,2,23.7,Florida State,Power Forward,BIG,,1.5,9.9,2.6,10.1,0.516,0.604,0.0,18.0,1.4,11.89,2010.0,0.0,0.142,-2.0,1,/players/r/reidry01.html,https://www.sports-reference.com/cbb/players/ryan-reid-1.html,Florida St.,13.7,0.7,,,,0.11931818181818181,6.8,4.0,1.1,0.6,0.5,1.6,0.491,,22.7,31.0
Derrick Caracter,2010,58,2,22.1,Texas-El Paso,Center,BIG,,2.1,12.0,3.6,9.0,0.598,0.672,0.057,27.4,1.8,,,0.0,0.0,0.0,0,/players/c/caracde01.html,https://www.sports-reference.com/cbb/players/derrick-caracter-1.html,,23.9,1.6,,,,0.18888888888888888,14.1,8.1,1.1,1.0,0.9,2.9,0.567,0.267,26.7,27.0
Stanley Robinson,2010,59,2,,UConn,,F,,1.5,8.9,3.2,6.6,0.57,0.646,0.204,21.5,1.8,12.5,2010.0,0.0,0.0,0.0,0,/players/r/robinst01.html,https://www.sports-reference.com/cbb/players/stanley-robinson-1.html,UConn,20.2,2.4,,,,0.14445399828030955,14.5,7.6,1.0,0.9,1.2,2.3,0.525,0.342,34.2,34.0
Dwayne Collins,2010,60,2,,Miami (FL),,F,,1.4,14.3,5.0,10.3,0.602,0.563,0.0,25.4,1.4,11.35,2010.0,0.0,0.0,0.0,0,/players/c/collidw01.html,https://www.sports-reference.com/cbb/players/dwayne-collins-1.html,Miami (FL),24.9,1.9,,,,0.18435754189944134,12.0,7.8,1.2,0.6,1.1,2.4,0.604,,24.7,29.0
Kyrie Irving,2011,1,1,19.3,Duke,Point Guard,G,14.8,3.0,2.3,1.8,29.8,0.697,0.901,0.375,26.4,0.6,24.51,2011.0,3.075,0.14475,3.375,4,/players/i/irvinky01.html,https://www.sports-reference.com/cbb/players/kyrie-irving-1.html,Duke,32.5,1.8,9.8,5.0,,0.31683168316831684,17.5,3.4,4.3,1.5,0.5,2.5,0.529,0.462,27.5,11.0
Derrick Williams,2011,2,1,20.1,Arizona,Power Forward,BIG,12.1,1.9,11.8,2.3,8.7,0.69,0.719,0.195,28.9,1.9,16.54,2011.0,0.25,0.08325,-1.325,4,/players/w/willide02.html,https://www.sports-reference.com/cbb/players/derrick-williams-2.html,Arizona,32.8,6.0,9.6,2.5,,0.27695004382120947,19.5,8.3,1.1,1.0,0.7,2.6,0.595,0.568,30.0,38.0
Tristan Thompson,2011,4,1,20.3,Texas,Center,BIG,8.9,1.8,14.0,7.2,8.1,0.536,0.487,0.0,22.4,2.7,20.82,2011.0,0.4,0.13425,-1.225,4,/players/t/thomptr01.html,https://www.sports-reference.com/cbb/players/tristan-thompson-2.html,Texas,24.2,2.8,4.4,4.5,,0.19927536231884058,13.1,7.8,1.3,0.9,2.4,1.8,0.546,,30.7,36.0
Brandon Knight,2011,8,1,19.6,Kentucky,Point Guard,G,5.5,1.1,2.2,0.6,23.4,0.553,0.795,0.45,27.0,1.8,20.3,2011.0,0.725,0.0564999999999999,-0.575,4,/players/k/knighbr03.html,https://www.sports-reference.com/cbb/players/brandon-knight-1.html,Kentucky,19.3,3.6,4.5,0.9,,0.15553925165077034,17.3,4.0,4.2,0.7,0.2,3.2,0.423,0.377,35.9,38.0
Kemba Walker,2011,9,1,21.1,UConn,Point Guard,G,13.1,3.1,3.9,0.5,28.0,0.543,0.783,0.307,32.4,2.4,17.95,2011.0,2.85,0.1095,2.35,4,/players/w/walkeke02.html,https://www.sports-reference.com/cbb/players/kemba-walker-1.html,UConn,29.9,7.3,9.2,3.9,,0.2514581983149708,23.5,5.4,4.5,1.9,0.2,2.3,0.428,0.33,37.6,41.0
Jimmer Fredette,2011,10,1,22.3,BYU,Shooting Guard,G,10.8,2.1,2.0,0.1,28.8,0.594,0.882,0.409,37.8,1.9,,2011.0,0.0249999999999999,0.03775,-2.0,4,/players/f/fredeji01.html,https://www.sports-reference.com/cbb/players/jimmer-fredette-1.html,BYU,30.9,6.6,10.0,0.8,,0.25699168556311414,28.9,3.4,4.3,1.3,0.0,3.5,0.452,0.396,35.8,37.0
Klay Thompson,2011,11,1,21.4,Washington State,Shooting Guard,G,9.8,2.8,2.6,3.1,25.0,0.574,0.827,0.446,32.8,2.2,20.12,2011.0,2.45,0.1245,1.675,4,/players/t/thompkl01.html,https://www.sports-reference.com/cbb/players/klay-thompson-1.html,Washington St.,26.1,3.7,6.8,3.0,,0.19677692960135706,21.6,5.2,3.7,1.6,0.9,3.4,0.436,0.398,34.7,34.0
Alec Burks,2011,12,1,19.9,Colorado,Shooting Guard,G,8.1,2.0,9.2,1.0,19.6,0.574,0.804,0.179,32.3,1.0,11.45,2011.0,0.2249999999999999,0.07325,-1.375,4,/players/b/burksal01.html,https://www.sports-reference.com/cbb/players/alec-burks-1.html,Colorado,29.4,5.6,8.0,0.0,,0.2212908633696563,20.5,6.5,2.9,1.1,0.3,2.6,0.469,0.292,31.4,38.0
Markieff Morris,2011,13,1,21.8,Kansas,Power Forward,BIG,10.3,1.9,13.9,4.9,11.0,0.642,0.653,0.178,25.5,2.4,24.1,2011.0,0.625,0.07175,-0.8999999999999999,4,/players/m/morrima02.html,https://www.sports-reference.com/cbb/players/markieff-morris-1.html,Kansas,29.1,3.6,6.7,3.6,,0.2591792656587473,13.6,8.3,1.4,0.8,1.1,2.1,0.589,0.424,24.4,38.0
Marcus Morris,2011,14,1,21.8,Kansas,Power Forward,BIG,10.9,1.7,11.5,2.4,11.4,0.625,0.66,0.181,26.9,2.3,24.1,2011.0,0.875,0.08825,-0.4,4,/players/m/morrima03.html,https://www.sports-reference.com/cbb/players/marcus-morris-1.html,Kansas,29.3,4.9,8.0,2.9,,0.2676579925650558,17.2,7.6,1.6,0.8,0.6,1.8,0.57,0.342,28.3,38.0
Kawhi Leonard,2011,15,1,20.0,San Diego State,Small Forward,F,9.2,2.7,11.4,1.9,16.0,0.512,0.744,0.181,27.6,3.2,-8.6,2011.0,4.15,0.21,5.8,4,/players/l/leonaka01.html,https://www.sports-reference.com/cbb/players/kawhi-leonard-1.html,San Diego St.,26.5,3.6,5.3,3.9,,0.23208191126279862,15.5,10.6,2.5,1.4,0.6,2.1,0.444,0.291,32.6,36.0
Nikola Vučević,2011,16,1,20.7,USC,Center,BIG,9.4,0.9,9.8,4.4,11.0,0.578,0.746,0.195,25.5,2.4,11.52,2011.0,1.425,0.11925,0.6,4,/players/v/vucevni01.html,https://www.sports-reference.com/cbb/players/nikola-vucevic-1.html,USC,27.1,4.2,6.7,2.8,,0.22240943555181128,17.1,10.3,1.6,0.5,1.4,1.7,0.505,0.349,34.9,34.0
Iman Shumpert,2011,17,1,21.0,Georgia Tech,"Shooting Guard, Small Forward,",G,9.6,5.0,5.7,0.7,25.7,0.517,0.738,0.346,29.1,2.1,6.42,2011.0,0.25,0.063,-1.125,4,/players/s/shumpim01.html,https://www.sports-reference.com/cbb/players/iman-shumpert-1.html,Ga Tech,25.4,2.8,5.4,4.2,,0.19758064516129034,17.3,5.9,3.5,2.7,0.2,2.3,0.406,0.278,32.0,31.0
Chris Singleton,2011,18,1,21.6,Florida State,Small Forward,F,9.0,3.9,8.2,5.9,8.9,0.531,0.592,0.332,24.5,2.4,16.27,2011.0,-0.4,0.0305,-4.449999999999999,2,/players/s/singlch01.html,https://www.sports-reference.com/cbb/players/chris-singleton-1.html,Florida St.,21.9,1.5,3.3,5.6,,0.19164619164619162,13.1,6.8,1.2,2.0,1.5,2.2,0.434,0.368,29.1,28.0
Tobias Harris,2011,19,1,18.9,Tennessee,Power Forward,BIG,7.3,1.4,7.5,3.4,10.4,0.54,0.753,0.189,27.2,1.5,11.08,2011.0,1.2,0.105,0.2,4,/players/h/harrito02.html,https://www.sports-reference.com/cbb/players/tobias-harris-1.html,Tennessee,23.8,2.9,5.5,1.8,,0.1772406847935549,15.3,7.3,1.3,0.7,0.9,1.8,0.46,0.303,29.2,34.0
Nolan Smith,2011,21,1,22.9,Duke,Point Guard,G,9.9,2.0,4.1,0.2,30.3,0.564,0.8,0.287,30.7,2.3,24.51,2011.0,-0.4,-0.082,-6.9,1,/players/s/smithno01.html,https://www.sports-reference.com/cbb/players/nolan-smith-1.html,Duke,25.7,5.1,7.5,2.3,,0.23510722795869737,20.6,4.5,5.1,1.2,0.1,3.2,0.458,0.35,34.0,37.0
Kenneth Faried,2011,22,1,21.6,Morehead State University,Power Forward,BIG,8.5,3.4,20.0,8.8,7.4,0.619,0.583,0.0,24.5,3.6,2.81,2011.0,1.325,0.14925,0.5750000000000001,4,/players/f/farieke01.html,https://www.sports-reference.com/cbb/players/kenneth-faried-1.html,Morehead St.,34.7,4.7,6.2,2.3,,0.27302631578947373,17.3,14.5,1.1,1.9,2.3,2.6,0.623,,34.7,35.0
Reggie Jackson,2011,24,1,21.2,Boston College,Point Guard,G,9.8,1.9,3.9,1.7,29.7,0.618,0.753,0.389,27.2,0.6,9.78,2011.0,1.575,0.1162499999999999,1.0,4,/players/j/jacksre01.html,https://www.sports-reference.com/cbb/players/reggie-jackson-1.html,Boston College,26.9,5.0,8.9,0.9,,0.1929371231696813,18.2,4.3,4.5,1.1,0.5,2.4,0.503,0.42,34.1,34.0
MarShon Brooks,2011,25,1,22.4,Providence,Shooting Guard,G,10.3,2.3,6.3,3.0,16.0,0.584,0.739,0.345,30.6,1.2,6.91,2011.0,0.1,0.064,-1.4,2,/players/b/brookma01.html,https://www.sports-reference.com/cbb/players/marshon-brooks-1.html,Providence,28.8,4.8,8.8,1.5,,0.20205479452054798,24.6,7.0,2.5,1.5,1.2,3.1,0.483,0.34,36.5,32.0
Jordan Hamilton,2011,26,1,20.7,Texas,Small Forward,F,11.4,1.6,7.0,1.8,14.6,0.55,0.71,0.424,29.1,2.7,20.82,2011.0,0.2249999999999999,0.0655,-1.025,4,/players/h/hamiljo02.html,https://www.sports-reference.com/cbb/players/jordan-hamilton-2.html,Texas,25.6,4.0,8.3,3.1,,0.23123382226056946,18.6,7.7,2.1,0.9,0.6,2.1,0.44,0.385,32.2,36.0
JaJuan Johnson,2011,27,1,22.4,Purdue,Power Forward,BIG,10.5,1.5,7.9,6.7,6.4,0.564,0.743,0.098,29.1,2.9,19.36,2011.0,0.0,0.0,0.0,0,/players/j/johnsja02.html,https://www.sports-reference.com/cbb/players/jajuan-johnson-1.html,Purdue,28.8,4.3,7.0,3.5,,0.23940149625935164,20.5,8.6,1.0,0.9,2.3,1.6,0.494,0.294,35.4,34.0
Norris Cole,2011,28,1,22.7,Cleveland State University,Point Guard,G,10.2,3.7,2.5,0.3,37.0,0.558,0.826,0.26,32.1,2.7,7.59,2011.0,-0.675,0.02,-3.65,4,/players/c/coleno01.html,https://www.sports-reference.com/cbb/players/norris-cole-1.html,Cleveland St.,30.0,5.6,6.7,3.5,,0.25836575875486384,21.7,5.8,5.3,2.2,0.1,2.7,0.439,0.342,35.7,36.0
Cory Joseph,2011,29,1,19.8,Texas,Point Guard,G,6.5,1.9,2.2,0.9,17.3,0.526,0.699,0.391,17.3,2.2,20.82,2011.0,0.625,0.123,0.175,4,/players/j/josepco01.html,https://www.sports-reference.com/cbb/players/cory-joseph-1.html,Texas,15.1,2.2,2.7,3.8,,0.15094339622641512,10.4,3.6,3.0,1.0,0.3,1.5,0.422,0.413,32.4,36.0
Jimmy Butler,2011,30,1,21.8,Marquette,"Small Forward, Shooting Guard,",G,9.4,2.4,8.2,1.1,13.2,0.587,0.773,0.152,21.3,1.5,14.89,2011.0,3.05,0.1699999999999999,3.025,4,/players/b/butleji01.html,https://www.sports-reference.com/cbb/players/jimmy-butler-1.html,Marquette,24.0,4.8,7.2,2.2,,0.1965678627145086,15.7,6.1,2.3,1.4,0.4,1.5,0.49,0.345,34.6,37.0
Justin Harper,2011,32,2,21.8,Richmond,Power Forward,BIG,9.7,1.2,6.5,4.0,8.9,0.642,0.711,0.375,26.8,2.3,11.23,2011.0,0.0,0.039,-4.2,1,/players/h/harpeju01.html,https://www.sports-reference.com/cbb/players/justin-harper-1.html,Richmond,29.0,4.8,8.2,1.5,,0.24108658743633277,17.9,6.9,1.2,0.6,1.2,1.5,0.534,0.448,31.8,37.0
Kyle Singler,2011,33,2,23.1,Duke,Small Forward,F,6.4,1.5,8.0,0.8,8.8,0.536,0.773,0.379,24.7,2.5,24.51,2011.0,-0.15,0.062,-2.425,4,/players/s/singlky01.html,https://www.sports-reference.com/cbb/players/kyle-singler-1.html,Duke,20.0,3.7,4.6,1.8,,0.18973561430793157,16.9,6.8,1.6,0.9,0.3,1.9,0.43,0.321,34.8,37.0
Shelvin Mack,2011,34,2,21.2,Butler,Point Guard,G,6.6,1.5,2.6,0.3,24.9,0.537,0.755,0.499,28.6,1.6,11.53,2011.0,0.1,0.0665,-1.775,4,/players/m/macksh01.html,https://www.sports-reference.com/cbb/players/shelvin-mack-1.html,Butler,21.0,3.3,5.6,1.0,,0.16406890894175552,16.0,4.5,3.4,0.8,0.1,2.4,0.408,0.354,32.1,38.0
Tyler Honeycutt,2011,35,2,20.9,UCLA,Small Forward,F,7.1,1.5,5.3,5.5,16.8,0.519,0.684,0.428,22.3,2.1,11.7,2011.0,-0.1,-0.22,-13.2,1,/players/h/honeyty01.html,https://www.sports-reference.com/cbb/players/tyler-honeycutt-1.html,UCLA,17.4,1.2,3.6,3.5,,0.1143847487001733,12.8,7.2,2.8,0.9,2.0,3.0,0.406,0.362,35.0,33.0
Jordan Williams,2011,36,2,20.7,Maryland,Center,BIG,6.3,1.2,12.6,4.1,3.9,0.552,0.559,0.0,24.5,2.6,15.0,2011.0,0.0,0.0,0.0,0,/players/w/willijo03.html,https://www.sports-reference.com/cbb/players/jordan-williams-1.html,Maryland,25.2,3.1,4.3,2.0,,0.2124883504193849,16.9,11.8,0.6,0.7,1.4,1.6,0.538,,32.5,33.0
Trey Thompkins,2011,37,2,21.1,Georgia,Center,BIG,6.8,2.2,7.3,5.7,11.1,0.536,0.729,0.184,29.9,2.0,10.43,2011.0,0.0,0.0,0.0,0,/players/t/thomptr02.html,https://www.sports-reference.com/cbb/players/trey-thompkins-1.html,Georgia,24.2,1.9,3.9,2.9,,0.1622198505869797,16.4,7.6,1.4,1.1,1.7,2.5,0.481,0.311,31.2,30.0
Chandler Parsons,2011,38,2,22.7,Florida,Small Forward,F,8.3,1.7,7.3,1.3,21.6,0.551,0.611,0.362,19.2,2.2,16.27,2011.0,2.3,0.12175,1.825,4,/players/p/parsoch01.html,https://www.sports-reference.com/cbb/players/chandler-parsons-1.html,Florida,19.7,2.7,5.1,3.2,,0.16273393002441008,11.3,7.8,3.8,0.9,0.4,2.3,0.48,0.368,34.1,36.0
Jon Leuer,2011,40,2,22.1,Wisconsin,Power Forward,BIG,9.8,1.0,6.3,3.1,12.8,0.568,0.723,0.302,31.1,1.7,18.77,2011.0,0.2249999999999999,0.09675,-1.45,4,/players/l/leuerjo01.html,https://www.sports-reference.com/cbb/players/jon-leuer-1.html,Wisconsin,28.7,4.6,7.9,1.8,,0.22124670763827917,18.3,7.2,1.6,0.5,0.9,1.6,0.47,0.37,33.5,34.0
Darius Morris,2011,41,2,20.5,Michigan,Point Guard,G,6.3,1.9,3.2,0.1,44.2,0.545,0.695,0.156,27.3,1.5,14.21,2011.0,-0.3,-0.0153333333333333,-5.033333333333334,3,/players/m/morrida01.html,https://www.sports-reference.com/cbb/players/darius-morris-1.html,Michigan,22.7,3.8,4.5,1.8,,0.17391304347826086,15.0,4.0,6.7,1.0,0.0,2.9,0.489,0.25,34.8,35.0
Malcolm Lee,2011,43,2,21.1,UCLA,Shooting Guard,G,3.3,1.2,2.6,0.6,12.9,0.553,0.717,0.409,20.8,1.1,11.7,2011.0,0.0,-0.234,-14.45,2,/players/l/leema01.html,https://www.sports-reference.com/cbb/players/malcolm-lee-1.html,UCLA,15.3,2.4,2.1,1.2,,0.13174748398902106,13.1,3.1,2.0,0.7,0.2,1.7,0.437,0.295,33.1,33.0
Charles Jenkins,2011,44,2,22.3,Hofstra,Point Guard,G,9.6,2.9,1.8,1.9,31.5,0.635,0.811,0.326,28.7,0.9,-0.03,2011.0,-0.3,-0.005,-4.9,1,/players/j/jenkich01.html,https://www.sports-reference.com/cbb/players/charles-jenkins-1.html,Hofstra,31.4,6.4,8.4,1.2,,0.237012987012987,22.6,3.4,4.8,1.7,0.7,2.2,0.517,0.42,37.3,33.0
Josh Harrellson,2011,45,2,22.4,Kentucky,Center,BIG,8.7,2.0,15.2,5.2,5.1,0.616,0.649,0.048,12.5,2.3,20.3,2011.0,0.05,0.055,-3.3000000000000003,2,/players/h/harrejo01.html,https://www.sports-reference.com/cbb/players/josh-harrellson-1.html,Kentucky,22.3,3.2,4.9,3.8,,0.20313942751615882,7.6,8.7,0.8,0.9,1.5,0.7,0.611,0.2,28.5,38.0
Andrew Goudelock,2011,46,2,22.5,College of Charleston,Shooting Guard,G,6.0,1.5,2.3,0.5,26.4,0.575,0.838,0.461,34.5,1.2,-4.86,2011.0,0.0,-0.1485,-9.75,2,/players/g/goudean01.html,https://www.sports-reference.com/cbb/players/andrew-goudelock-1.html,Charleston,26.7,5.3,7.4,-1.4,,0.19969278033794163,23.7,3.9,4.2,0.9,0.2,3.2,0.455,0.407,35.2,37.0
Travis Leslie,2011,47,2,21.2,Georgia,Shooting Guard,G,8.9,2.3,12.2,2.0,20.6,0.561,0.743,0.119,24.4,1.7,10.43,2011.0,0.0,0.0,0.0,0,/players/l/leslitr01.html,https://www.sports-reference.com/cbb/players/travis-leslie-1.html,Georgia,24.9,3.4,6.5,2.3,,0.1958568738229755,14.4,7.2,2.9,1.2,0.6,2.2,0.492,0.302,32.2,33.0
Keith Benson,2011,48,2,22.9,Oakland,Center,BIG,5.4,1.4,9.5,9.8,6.2,0.584,0.679,0.055,24.9,1.7,8.28,2011.0,0.0,0.0,0.0,0,/players/b/bensoke02.html,https://www.sports-reference.com/cbb/players/keith-benson-1.html,Oakland,28.8,4.0,3.6,1.9,,0.20123565754633718,17.9,10.1,1.1,0.8,3.6,1.9,0.547,0.391,32.4,35.0
Josh Selby,2011,49,2,20.2,Kansas,Point Guard,G,2.4,2.3,2.4,0.2,17.8,0.489,0.757,0.487,24.4,0.9,24.1,2011.0,-0.2,-0.143,-12.4,1,/players/s/selbyjo01.html,https://www.sports-reference.com/cbb/players/josh-selby-1.html,Kansas,11.9,0.4,0.3,2.1,,0.09811320754716982,7.9,2.2,2.2,0.8,0.0,2.0,0.373,0.362,20.4,26.0
Lavoy Allen,2011,50,2,22.4,Temple,Power Forward,BIG,5.6,1.3,9.3,5.4,13.6,0.519,0.671,0.053,19.8,2.4,12.35,2011.0,-0.05,0.09375,-2.1,4,/players/a/allenla01.html,https://www.sports-reference.com/cbb/players/lavoy-allen-1.html,Temple,20.3,2.2,2.6,3.1,,0.16428571428571428,11.6,8.6,2.3,0.7,1.8,1.6,0.48,0.294,33.9,33.0
Jon Diebler,2011,51,2,,Ohio State,,F,11.6,1.7,1.3,0.4,11.6,0.723,0.821,0.794,14.4,2.1,0.59,2011.0,0.0,0.0,0.0,0,/players/d/diebljo01.html,https://www.sports-reference.com/cbb/players/jon-diebler-1.html,Ohio St.,19.6,4.7,8.0,3.6,,0.20606060606060606,12.6,2.6,2.4,1.0,0.1,0.9,0.507,0.502,35.7,37.0
Vernon Macklin,2011,52,2,24.8,Florida,Center,BIG,,,,2.9,10.3,0.589,0.31,0.007,16.3,1.5,,,0.0,0.0,0.0,0,/players/m/macklve01.html,https://www.sports-reference.com/cbb/players/vernon-macklin-1.html,,22.2,2.2,3.1,1.4,,0.15911602209944753,11.6,5.4,0.8,0.4,0.7,1.7,0.593,,24.5,37.0
DeAndre Liggins,2011,53,2,23.2,Kentucky,Shooting Guard,G,5.9,2.3,2.2,2.3,14.2,0.523,0.643,0.348,15.8,2.1,20.3,2011.0,0.05,1.1075000000000002,20.4,2,/players/l/liggide01.html,https://www.sports-reference.com/cbb/players/deandre-liggins-1.html,Kentucky,14.5,1.8,1.4,4.5,,0.1298917568692756,8.6,4.0,2.5,1.2,0.7,1.4,0.424,0.391,31.6,38.0
E'Twaun Moore,2011,55,2,22.3,Purdue,Shooting Guard,G,10.2,2.2,5.1,1.6,20.9,0.545,0.729,0.354,28.0,2.2,19.36,2011.0,0.05,0.05275,-1.825,4,/players/m/mooreet01.html,https://www.sports-reference.com/cbb/players/etwaun-moore-1.html,Purdue,23.9,3.7,7.1,3.1,,0.2048611111111111,18.0,5.1,3.2,1.2,0.5,1.8,0.447,0.4,33.9,34.0
Isaiah Thomas,2011,60,2,22.4,Washington,Point Guard,G,8.1,2.3,2.5,0.2,32.7,0.563,0.713,0.408,26.2,1.5,20.12,2011.0,2.75,0.15225,2.8,4,/players/t/thomais02.html,https://www.sports-reference.com/cbb/players/isaiah-thomas-1.html,Washington,22.9,4.0,6.2,1.9,,0.19730941704035873,16.8,3.5,6.1,1.3,0.1,3.0,0.445,0.349,31.9,35.0
Anthony Davis,2012,1,1,19.3,Kentucky,Power Forward,BIG,17.2,2.5,11.6,13.7,7.5,0.654,0.709,0.059,18.8,4.1,24.73,2012.0,4.825,0.21025,5.875,4,/players/d/davisan02.html,https://www.sports-reference.com/cbb/players/anthony-davis-5.html,Kentucky,35.1,5.9,9.1,8.1,,0.3091334894613583,14.2,10.4,1.3,1.4,4.7,1.0,0.623,0.15,32.0,40.0
Michael Kidd-Gilchrist,2012,2,1,18.7,Kentucky,Small Forward,F,7.7,1.9,10.3,2.8,10.8,0.57,0.745,0.156,20.6,2.6,24.73,2012.0,0.35,0.12075,-0.825,4,/players/k/kiddgmi01.html,https://www.sports-reference.com/cbb/players/michael-kidd-gilchrist-1.html,Kentucky,21.2,3.4,4.1,3.6,,0.1927710843373494,11.9,7.4,1.9,1.0,0.9,2.2,0.491,0.255,31.1,40.0
Bradley Beal,2012,3,1,19.0,Florida,Shooting Guard,G,8.4,2.5,4.8,2.6,12.7,0.575,0.769,0.473,23.0,2.1,18.25,2012.0,1.65,0.09725,0.825,4,/players/b/bealbr01.html,https://www.sports-reference.com/cbb/players/bradley-beal-1.html,Florida,22.0,3.6,5.4,2.9,,0.17995264404104183,14.8,6.7,2.2,1.4,0.8,2.1,0.445,0.339,34.2,37.0
Dion Waiters,2012,4,1,20.5,Syracuse,Shooting Guard,G,10.8,4.6,2.4,1.5,21.2,0.565,0.753,0.317,26.7,1.7,21.12,2012.0,-0.025,0.04125,-1.925,4,/players/w/waitedi01.html,https://www.sports-reference.com/cbb/players/dion-waiters-1.html,Syracuse,26.3,3.2,6.0,4.8,,0.2244668911335578,12.6,2.3,2.5,1.8,0.3,1.3,0.476,0.363,24.1,37.0
Thomas Robinson,2012,5,1,21.3,Kansas,Power Forward,BIG,8.8,2.0,11.1,2.9,13.1,0.549,0.606,0.027,30.0,3.5,21.72,2012.0,-0.175,0.07275,-2.775,4,/players/r/robinth01.html,https://www.sports-reference.com/cbb/players/thomas-robinson-2.html,Kansas,27.4,3.7,5.4,3.4,,0.2318840579710145,17.7,11.9,1.8,1.1,0.9,2.7,0.505,0.5,31.8,39.0
Damian Lillard,2012,6,1,21.9,Weber State,Point Guard,G,9.8,2.5,1.9,0.7,27.1,0.635,0.867,0.465,33.0,1.4,-11.72,2012.0,4.475,0.17025,4.325,4,/players/l/lillada01.html,https://www.sports-reference.com/cbb/players/damian-lillard-1.html,Weber St.,34.0,6.7,9.1,0.7,,0.2895927601809955,24.5,5.0,4.0,1.5,0.2,2.3,0.467,0.409,34.5,32.0
Harrison Barnes,2012,7,1,20.1,UNC,Power Forward,BIG,6.8,2.0,6.9,1.1,7.2,0.528,0.734,0.263,28.1,1.9,21.34,2012.0,0.625,0.10075,-0.9,4,/players/b/barneha02.html,https://www.sports-reference.com/cbb/players/harrison-barnes-1.html,UNC,21.2,3.1,4.5,2.3,,0.18001800180018002,17.1,5.2,1.1,1.1,0.3,1.9,0.44,0.358,29.2,38.0
Terrence Ross,2012,8,1,21.4,Washington,Shooting Guard,G,7.9,2.3,4.7,3.0,9.2,0.558,0.764,0.413,25.3,1.8,10.79,2012.0,0.8,0.0835,-0.375,4,/players/r/rosste01.html,https://www.sports-reference.com/cbb/players/terrence-ross-1.html,Washington,22.3,3.0,5.1,2.8,,0.18014705882352944,16.4,6.4,1.4,1.3,0.9,2.0,0.457,0.371,31.1,35.0
Andre Drummond,2012,9,1,18.9,UConn,Center,BIG,4.9,1.8,14.2,9.9,3.4,0.509,0.295,0.007,20.9,1.5,12.27,2012.0,1.825,0.14875,0.85,4,/players/d/drumman01.html,https://www.sports-reference.com/cbb/players/andre-drummond-1.html,UConn,21.9,1.4,2.0,2.9,,0.11995863495346432,10.0,7.6,0.4,0.8,2.7,1.5,0.538,0.0,28.4,34.0
Austin Rivers,2012,10,1,19.9,Duke,Shooting Guard,G,4.0,1.7,2.2,0.1,13.0,0.538,0.658,0.396,25.2,1.0,17.05,2012.0,-0.275,0.04775,-2.775,4,/players/r/riverau01.html,https://www.sports-reference.com/cbb/players/austin-rivers-1.html,Duke,16.9,2.4,3.2,0.8,,0.12400354295837024,15.5,3.4,2.1,1.0,0.0,2.3,0.433,0.365,33.2,34.0
Meyers Leonard,2012,11,1,20.3,Illinois,Center,BIG,7.2,0.9,9.1,6.9,9.9,0.618,0.729,0.038,22.0,1.8,9.33,2012.0,0.0249999999999999,0.09375,-2.1,4,/players/l/leoname01.html,https://www.sports-reference.com/cbb/players/meyers-leonard-1.html,Illinois,24.1,2.9,3.6,3.6,,0.18074656188605107,13.6,8.2,1.3,0.5,1.9,2.1,0.584,0.091,31.8,32.0
Jeremy Lamb,2012,12,1,20.1,UConn,Shooting Guard,G,7.8,2.1,3.0,1.7,10.1,0.589,0.806,0.465,23.9,1.3,12.27,2012.0,0.75,0.11175,0.75,4,/players/l/lambje01.html,https://www.sports-reference.com/cbb/players/jeremy-lamb-1.html,UConn,22.1,3.9,5.7,2.0,,0.1642969984202212,17.7,4.9,1.7,1.2,0.6,2.0,0.478,0.336,37.2,34.0
Kendall Marshall,2012,13,1,20.9,UNC,Point Guard,G,6.6,2.0,0.5,0.5,45.1,0.558,0.693,0.351,13.9,1.8,21.34,2012.0,-0.1999999999999999,0.0176666666666666,-3.5,3,/players/m/marshke01.html,https://www.sports-reference.com/cbb/players/kendall-marshall-1.html,UNC,17.2,2.6,3.8,2.8,,0.14802354920100927,8.1,2.6,9.8,1.2,0.2,2.8,0.467,0.354,33.0,36.0
John Henson,2012,14,1,21.5,UNC,Center,BIG,9.0,1.1,9.0,9.6,8.0,0.505,0.484,0.0,23.1,2.7,21.34,2012.0,0.525,0.11475,-0.3,4,/players/h/hensojo01.html,https://www.sports-reference.com/cbb/players/john-henson-1.html,UNC,24.7,2.3,4.0,5.0,,0.19627085377821393,13.7,9.9,1.3,0.6,2.9,1.3,0.5,,29.1,35.0
Maurice Harkless,2012,15,1,19.1,St. John's,Small Forward,F,4.0,2.6,8.4,4.2,9.6,0.504,0.676,0.185,24.9,1.3,2.63,2012.0,0.45,0.069,-1.275,4,/players/h/harklma01.html,https://www.sports-reference.com/cbb/players/maurice-harkless-1.html,St. John's (NY),21.1,1.8,3.0,1.0,,0.11082251082251082,15.5,8.6,1.5,1.6,1.4,2.5,0.452,0.215,36.1,32.0
Royce White,2012,16,1,21.2,Iowa State,Power Forward,BIG,,,,,,0.588,0.5,0.0,,,,,0.0,-0.121,-16.9,1,/players/w/whitero03.html,https://www.sports-reference.com/cbb/players/royce-white-1.html,,22.8,2.1,4.3,3.8,,0.15298507462686564,13.4,9.3,5.0,1.2,0.9,3.8,0.534,0.333,31.5,34.0
Tyler Zeller,2012,17,1,22.4,UNC,Center,BIG,10.7,1.7,14.1,5.3,6.3,0.616,0.775,0.0,24.5,2.5,21.34,2012.0,0.25,0.12675,-1.75,4,/players/z/zellety01.html,https://www.sports-reference.com/cbb/players/tyler-zeller-1.html,UNC,29.9,4.6,6.8,3.9,,0.2654205607476635,16.3,9.6,0.9,0.9,1.5,1.9,0.553,,28.2,38.0
Terrence Jones,2012,18,1,20.5,Kentucky,Power Forward,BIG,10.2,2.7,10.7,5.8,8.7,0.547,0.638,0.138,22.4,2.7,24.73,2012.0,0.8500000000000001,0.12075,0.175,4,/players/j/joneste01.html,https://www.sports-reference.com/cbb/players/terrence-jones-1.html,Kentucky,24.3,3.1,5.2,4.9,,0.20807174887892377,12.3,7.2,1.3,1.3,1.8,1.6,0.5,0.327,29.3,38.0
Andrew Nicholson,2012,19,1,22.5,St. Bonaventure,Power Forward,BIG,9.4,1.3,11.1,7.3,9.4,0.638,0.72,0.138,29.5,1.7,8.25,2012.0,-0.35,0.02625,-4.275,4,/players/n/nichoan01.html,https://www.sports-reference.com/cbb/players/andrew-nicholson-1.html,St. Bonaventure,31.6,4.0,7.2,2.1,,0.24116424116424115,18.5,8.4,1.0,0.7,2.0,2.5,0.571,0.434,30.1,32.0
Jared Sullinger,2012,21,1,20.3,Ohio State,Power Forward,BIG,11.7,2.3,12.4,4.0,8.6,0.591,0.733,0.091,27.9,3.0,7.17,2012.0,0.65,0.076,-1.725,4,/players/s/sullija01.html,https://www.sports-reference.com/cbb/players/jared-sullinger-1.html,Ohio St.,30.2,4.8,7.5,4.1,,0.2813891362422084,17.5,9.2,1.2,1.2,1.1,1.9,0.519,0.4,30.4,37.0
Fab Melo,2012,22,1,22.0,Syracuse,Center,BIG,5.3,1.2,12.3,13.0,5.0,0.581,0.553,0.0,16.5,1.5,21.12,2012.0,0.0,0.0,0.0,0,/players/m/melofa01.html,https://www.sports-reference.com/cbb/players/fab-melo-1.html,Syracuse,20.7,1.5,1.0,4.3,,0.15727391874180865,7.8,5.8,0.7,0.5,2.9,1.4,0.566,,25.4,30.0
John Jenkins,2012,23,1,21.3,Vanderbilt,Shooting Guard,G,11.8,1.5,1.7,1.0,8.4,0.656,0.856,0.666,26.2,1.1,15.71,2012.0,-0.025,0.07325,-1.6749999999999998,4,/players/j/jenkijo01.html,https://www.sports-reference.com/cbb/players/john-jenkins-1.html,Vanderbilt,26.0,5.4,10.3,1.5,,0.22090059473237042,19.9,2.9,1.2,0.8,0.3,1.6,0.474,0.439,33.6,35.0
Jared Cunningham,2012,24,1,21.1,Oregon State,Shooting Guard,G,5.0,4.1,3.4,1.2,15.7,0.568,0.754,0.336,26.0,1.6,10.19,2012.0,-0.1666666666666666,0.022,-5.966666666666666,3,/players/c/cunnija01.html,https://www.sports-reference.com/cbb/players/jared-cunningham-2.html,Oregon St.,22.1,3.4,3.4,1.6,,0.1606425702811245,17.9,3.8,2.8,2.5,0.4,2.8,0.45,0.338,34.6,36.0
Tony Wroten,2012,25,1,19.2,Washington,Point Guard,G,4.7,3.5,8.0,1.2,24.5,0.488,0.583,0.125,31.2,1.6,10.79,2012.0,-0.3,-0.0913333333333333,-6.1000000000000005,3,/players/w/wroteto01.html,https://www.sports-reference.com/cbb/players/tony-wroten-1.html,Washington,20.4,1.6,2.5,2.2,,0.12052730696798494,16.0,5.0,3.7,1.9,0.4,3.8,0.443,0.161,30.3,35.0
Miles Plumlee,2012,26,1,23.8,Duke,Center,BIG,6.2,1.5,16.6,4.2,5.1,0.621,0.625,0.0,16.1,1.2,17.05,2012.0,0.1,0.0925,-2.1,4,/players/p/plumlmi01.html,https://www.sports-reference.com/cbb/players/miles-plumlee-1.html,Duke,21.8,1.9,4.1,2.1,,0.17790530846484937,6.6,7.1,0.5,0.5,0.9,1.2,0.61,,20.5,34.0
Arnett Moultrie,2012,27,1,21.6,Mississippi State,Power Forward,BIG,,2.7,8.1,3.2,8.1,0.522,0.587,0.148,20.2,5.1,,,-0.3,0.007,-7.3,1,/players/m/moultar01.html,https://www.sports-reference.com/cbb/players/arnett-moultrie-1.html,,25.2,3.6,4.8,0.4,,0.1863932898415657,16.4,10.5,1.2,0.8,0.8,2.4,0.549,0.444,35.8,30.0
Perry Jones,2012,28,1,20.8,Baylor,Small Forward,F,5.2,1.6,11.0,2.1,8.7,0.539,0.678,0.091,23.3,1.6,16.54,2012.0,-0.15,0.0545,-2.9000000000000004,2,/players/j/jonespe01.html,https://www.sports-reference.com/cbb/players/perry-jones-1.html,Baylor,21.2,2.7,3.7,1.5,,0.1658440276406713,13.5,7.6,1.3,0.8,0.6,1.7,0.5,0.303,30.7,33.0
Marquis Teague,2012,29,1,19.3,Kentucky,Shooting Guard,G,2.3,1.7,1.6,0.8,25.6,0.491,0.714,0.227,20.2,1.8,24.73,2012.0,-0.6,-0.059,-7.4,1,/players/t/teaguma01.html,https://www.sports-reference.com/cbb/players/marquis-teague-1.html,Kentucky,13.2,1.7,0.8,1.4,,0.1074443591711435,10.0,2.5,4.8,0.9,0.3,2.7,0.412,0.325,32.6,40.0
Festus Ezeli,2012,30,1,22.7,Vanderbilt,Center,BIG,3.7,1.1,13.0,9.0,2.9,0.567,0.584,0.0,25.2,1.0,15.71,2012.0,0.2,0.165,-0.95,2,/players/e/ezelife01.html,https://www.sports-reference.com/cbb/players/festus-ezeli-1.html,Vanderbilt,21.0,1.1,0.4,3.3,,0.13930348258706468,10.1,5.9,0.3,0.4,2.0,2.2,0.539,,23.2,26.0
Jeff Taylor,2012,31,2,23.1,Vanderbilt,Small Forward,F,8.0,2.4,8.4,1.4,12.6,0.58,0.693,0.366,26.4,1.6,15.71,2012.0,-0.4,0.0075,-5.15,2,/players/t/tayloje03.html,https://www.sports-reference.com/cbb/players/jeffery-taylor-1.html,Vanderbilt,23.7,3.6,6.2,1.8,,0.1797752808988764,16.1,5.6,1.7,1.3,0.4,2.2,0.493,0.423,32.1,36.0
Bernard James,2012,33,2,27.4,Florida State,Center,BIG,7.6,1.6,13.6,9.5,3.6,0.602,0.528,0.0,20.0,2.3,18.25,2012.0,0.0,0.1025,-2.0500000000000003,2,/players/j/jamesbe01.html,https://www.sports-reference.com/cbb/players/bernard-james--1.html,Florida St.,23.3,2.0,3.6,4.0,,0.17568947906026555,10.8,8.1,0.5,0.7,2.3,2.1,0.606,,28.0,35.0
Jae Crowder,2012,34,2,22.0,Marquette,Small Forward,F,13.8,4.3,7.0,3.1,13.5,0.598,0.683,0.406,23.4,3.1,16.92,2012.0,1.475,0.12275,0.95,4,/players/c/crowdja01.html,https://www.sports-reference.com/cbb/players/jae-crowder-1.html,Marquette,28.8,4.5,8.4,5.4,,0.26366001734605377,17.5,8.4,2.1,2.5,1.0,1.3,0.498,0.345,32.9,35.0
Draymond Green,2012,35,2,22.3,Michigan State,Power Forward,BIG,12.1,2.7,8.2,3.3,24.2,0.542,0.687,0.284,28.2,3.6,13.19,2012.0,3.725,0.158,3.95,4,/players/g/greendr01.html,https://www.sports-reference.com/cbb/players/draymond-green-1.html,Michigan St.,26.1,3.5,6.5,5.6,,0.2310821806346623,16.2,10.6,3.8,1.5,0.9,3.0,0.449,0.388,33.2,37.0
Orlando Johnson,2012,36,2,23.3,UC Santa Barbara,Shooting Guard,G,7.3,1.9,6.4,2.1,21.1,0.581,0.736,0.343,31.3,4.2,,,-0.25,-0.0394999999999999,-6.7,2,/players/j/johnsor01.html,https://www.sports-reference.com/cbb/players/orlando-johnson-1.html,,26.0,4.0,6.5,-0.2,,0.1949390815370197,19.7,5.8,2.9,1.1,0.7,2.5,0.451,0.427,34.4,31.0
Quincy Acy,2012,37,2,21.7,Baylor,Power Forward,BIG,6.9,1.8,10.9,6.6,6.5,0.638,0.708,0.018,19.0,2.0,16.54,2012.0,0.05,0.092,-1.75,4,/players/a/acyqu01.html,https://www.sports-reference.com/cbb/players/quincy-acy-1.html,Baylor,23.5,3.5,3.4,3.4,,0.19823008849557522,12.0,7.4,1.0,0.9,1.8,1.9,0.577,0.6,29.7,38.0
Quincy Miller,2012,38,2,19.6,Baylor,Power Forward,BIG,5.3,1.7,7.5,2.9,11.6,0.541,0.816,0.223,23.9,1.3,16.54,2012.0,-0.25,-0.0139999999999999,-3.75,2,/players/m/millequ01.html,https://www.sports-reference.com/cbb/players/quincy-miller-1.html,Baylor,19.4,2.1,3.4,1.9,,0.15503875968992248,10.6,4.9,1.4,0.7,0.6,1.8,0.447,0.348,24.4,37.0
Khris Middleton,2012,39,2,20.9,Texas A&M,Small Forward,F,6.2,2.1,5.4,1.0,20.0,0.486,0.768,0.313,29.7,0.9,5.57,2012.0,1.075,0.094,-0.0999999999999999,4,/players/m/middlkh01.html,https://www.sports-reference.com/cbb/players/khris-middleton-1.html,Texas A&M,18.9,0.7,4.3,1.9,,0.11130434782608696,13.2,5.0,2.3,1.0,0.3,2.2,0.415,0.26,28.8,20.0
Will Barton,2012,40,2,21.5,Memphis,Shooting Guard,G,9.8,2.4,7.6,2.1,17.4,0.587,0.733,0.237,25.8,2.6,16.86,2012.0,0.8,0.0805,-0.125,4,/players/b/bartowi01.html,https://www.sports-reference.com/cbb/players/will-barton-1.html,Memphis,26.6,4.6,6.9,2.8,,0.23300970873786409,18.0,8.0,2.9,1.4,0.7,2.1,0.509,0.346,35.3,35.0
Tyshawn Taylor,2012,41,2,22.2,Kansas,Point Guard,G,7.2,2.4,0.7,0.5,29.7,0.569,0.708,0.321,27.5,2.1,21.72,2012.0,-0.5,-0.098,-8.7,1,/players/t/tayloty01.html,https://www.sports-reference.com/cbb/players/tyshawn-taylor-1.html,Kansas,19.8,3.1,5.0,2.2,,0.15963161933998465,16.6,2.3,4.8,1.3,0.2,3.5,0.477,0.382,33.4,39.0
Doron Lamb,2012,42,2,20.6,Kentucky,Shooting Guard,G,7.3,0.9,1.5,0.2,8.8,0.624,0.811,0.442,19.7,1.6,24.73,2012.0,-0.5,0.036,-4.6,1,/players/l/lambdo01.html,https://www.sports-reference.com/cbb/players/doron-lamb-1.html,Kentucky,19.2,4.6,5.3,1.9,,0.19855884707766214,13.7,2.7,1.5,0.5,0.1,1.1,0.474,0.466,31.2,40.0
Mike Scott,2012,43,2,23.9,Virginia,Power Forward,BIG,10.4,1.4,9.7,1.8,10.7,0.62,0.775,0.052,30.9,2.6,12.51,2012.0,0.225,0.07925,-1.925,4,/players/s/scottmi01.html,https://www.sports-reference.com/cbb/players/mike-scott-4.html,Virginia,30.7,4.2,7.7,2.6,,0.27227227227227224,18.0,8.3,1.2,0.7,0.5,2.1,0.563,0.3,31.2,32.0
Kim English,2012,44,2,23.8,Missouri,Shooting Guard,G,7.1,2.3,3.4,0.9,8.6,0.658,0.727,0.518,20.0,1.3,19.77,2012.0,0.0,0.0,0.0,0,/players/e/engliki01.html,https://www.sports-reference.com/cbb/players/kim-english-1.html,Missouri,20.6,3.7,5.8,1.3,,0.1702127659574468,14.5,4.2,1.6,1.3,0.3,1.7,0.521,0.459,33.6,35.0
Justin Hamilton,2012,45,2,22.2,LSU,Center,BIG,5.9,1.5,11.8,4.7,7.0,0.553,0.781,0.038,22.6,1.7,,,0.2,0.0916666666666666,-1.8,3,/players/h/hamilju01.html,https://www.sports-reference.com/cbb/players/justin-hamilton-2.html,,22.7,2.6,3.8,2.1,,0.17373737373737372,12.9,7.2,0.9,0.8,1.3,1.7,0.494,0.25,30.0,33.0
Darius Miller,2012,46,2,22.3,Kentucky,Small Forward,F,7.5,1.9,4.3,1.2,14.4,0.593,0.815,0.493,19.2,1.6,24.73,2012.0,-0.1,-0.0335,-7.050000000000001,2,/players/m/milleda01.html,https://www.sports-reference.com/cbb/players/darius-miller-1.html,Kentucky,18.1,2.9,4.5,3.1,,0.1725790987535954,9.9,2.8,2.1,0.8,0.3,1.5,0.474,0.376,26.1,40.0
Kevin Murphy,2012,47,2,22.3,Tennessee Technological University,Shooting Guard,G,0.6,1.4,3.3,0.7,16.3,0.549,0.734,0.353,32.3,0.9,-3.81,2012.0,0.0,0.0,0.0,0,/players/m/murphke01.html,https://www.sports-reference.com/cbb/players/kevin-murphy-1.html,Tennessee Tech,20.8,2.7,2.8,-2.2,,0.1299385425812116,20.6,5.2,2.3,0.8,0.2,3.3,0.444,0.416,34.5,33.0
Kyle O'Quinn,2012,49,2,22.3,Norfolk State,Center,BIG,5.0,1.3,12.0,9.2,10.9,0.616,0.685,0.089,24.9,2.5,-3.68,2012.0,0.65,0.1115,0.425,4,/players/o/oquinky01.html,https://www.sports-reference.com/cbb/players/kyle-oquinn-1.html,Norfolk St.,28.6,3.7,3.2,1.8,,0.22044444444444444,15.9,10.3,1.4,0.7,2.7,2.6,0.573,0.188,31.3,36.0
Kris Joseph,2012,51,2,23.5,Syracuse,Small Forward,F,6.6,2.6,5.5,2.2,8.7,0.534,0.702,0.379,22.5,2.0,21.12,2012.0,0.0,0.0,0.0,0,/players/j/josepkr01.html,https://www.sports-reference.com/cbb/players/kris-joseph-1.html,Syracuse,19.7,3.0,4.4,2.2,,0.16778523489932887,13.4,4.7,1.5,1.4,0.6,1.5,0.421,0.345,32.2,37.0
Darius Johnson-Odom,2012,55,2,22.7,Marquette,Shooting Guard,G,6.8,1.6,2.3,0.4,17.7,0.568,0.722,0.426,27.2,1.5,16.92,2012.0,-0.1,-0.661,-27.3,1,/players/j/johnsda03.html,https://www.sports-reference.com/cbb/players/darius-johnson-odom-1.html,Marquette,20.1,3.1,5.3,1.5,,0.16785714285714287,18.3,3.5,2.7,0.9,0.1,2.4,0.447,0.385,32.9,34.0
Robbie Hummel,2012,58,2,23.3,Purdue,Small Forward,F,9.4,1.3,5.5,4.2,12.6,0.54,0.841,0.404,26.3,1.4,13.88,2012.0,-0.2,0.067,-3.05,2,/players/h/hummero01.html,https://www.sports-reference.com/cbb/players/robbie-hummel-1.html,Purdue,25.7,4.2,7.8,1.6,,0.19858156028368792,16.4,7.2,1.9,0.7,1.2,0.9,0.417,0.383,32.2,35.0
Marcus Denmon,2012,59,2,,Missouri,,F,10.0,2.7,3.9,0.1,11.5,0.621,0.799,0.559,23.6,1.5,19.77,2012.0,0.0,0.0,0.0,0,/players/d/denmoma01.html,https://www.sports-reference.com/cbb/players/marcus-denmon-1.html,Missouri,25.6,5.2,8.7,1.3,,0.22112211221122113,17.7,5.0,2.1,1.5,0.0,1.2,0.46,0.407,34.6,35.0
Robert Sacre,2012,60,2,23.1,Gonzaga,Center,BIG,4.6,0.8,9.9,5.8,5.7,0.595,0.735,0.009,22.9,1.6,13.86,2012.0,-0.3333333333333333,0.0453333333333333,-3.9,3,/players/s/sacrero01.html,https://www.sports-reference.com/cbb/players/robert-sacre-1.html,Gonzaga,22.3,2.6,2.4,2.2,,0.19354838709677422,11.6,6.3,0.7,0.4,1.4,1.8,0.511,0.0,26.3,33.0
Anthony Bennett,2013,1,1,20.3,UNLV,Power Forward,BIG,8.6,1.5,10.3,4.6,8.8,0.609,0.701,0.253,27.5,2.2,12.81,2013.0,-0.1333333333333333,0.0536666666666666,-3.0666666666666664,3,/players/b/bennean01.html,https://www.sports-reference.com/cbb/players/anthony-bennett-1.html,UNLV,28.3,3.5,6.1,2.5,,0.24000000000000002,16.1,8.1,1.0,0.7,1.2,1.9,0.533,0.375,27.1,35.0
Victor Oladipo,2013,2,1,21.1,Indiana,Shooting Guard,G,15.1,4.6,11.8,2.8,15.2,0.671,0.716,0.224,22.2,2.6,24.92,2013.0,2.3,0.101,1.65,4,/players/o/oladivi01.html,https://www.sports-reference.com/cbb/players/victor-oladipo-1.html,Indiana,28.9,4.2,8.9,6.2,,0.2624877571008815,13.6,6.3,2.1,2.2,0.8,2.3,0.599,0.441,28.4,36.0
Otto Porter Jr.,2013,3,1,20.1,Georgetown,Small Forward,F,13.7,3.3,6.7,3.0,18.5,0.59,0.751,0.291,24.1,3.0,15.86,2013.0,2.325,0.1362499999999999,1.85,4,/players/p/porteot01.html,https://www.sports-reference.com/cbb/players/otto-porter-1.html,Georgetown,27.3,4.2,8.2,5.4,,0.25888787602552416,16.2,7.5,2.7,1.8,0.9,1.5,0.48,0.422,35.4,31.0
Cody Zeller,2013,4,1,20.7,Indiana,Center,BIG,11.1,2.1,12.3,4.4,9.5,0.624,0.756,0.006,26.5,2.5,24.92,2013.0,0.625,0.1485,-0.425,4,/players/z/zelleco01.html,https://www.sports-reference.com/cbb/players/cody-zeller-1.html,Indiana,29.8,4.8,7.2,3.8,,0.2749529190207156,16.5,8.0,1.3,1.0,1.3,2.3,0.564,0.0,29.5,36.0
Alex Len,2013,5,1,20.0,Maryland,Center,BIG,6.8,0.5,13.2,8.0,7.8,0.57,0.663,0.025,22.8,2.0,11.39,2013.0,-0.0499999999999999,0.09675,-2.025,4,/players/l/lenal01.html,https://www.sports-reference.com/cbb/players/alex-len-1.html,Maryland,24.5,3.0,3.6,3.2,,0.199203187250996,11.9,7.8,1.0,0.2,2.1,1.6,0.534,0.125,26.4,38.0
Nerlens Noel,2013,6,1,19.2,Kentucky,Center,BIG,12.1,3.9,10.4,13.2,9.5,0.583,0.529,0.0,17.4,2.3,13.96,2013.0,0.85,0.11825,0.6,4,/players/n/noelne01.html,https://www.sports-reference.com/cbb/players/nerlens-noel-1.html,Kentucky,27.3,1.6,4.3,7.8,,0.20392156862745098,10.5,9.5,1.6,2.1,4.4,1.9,0.59,,31.9,24.0
Ben McLemore,2013,7,1,20.4,Kansas,Shooting Guard,G,10.5,1.8,5.0,2.2,12.6,0.633,0.87,0.435,23.2,2.3,20.79,2013.0,-0.5,0.02325,-3.525,4,/players/m/mclembe01.html,https://www.sports-reference.com/cbb/players/ben-mclemore-1.html,Kansas,23.2,4.2,7.2,3.4,,0.218303946263644,15.9,5.2,2.0,1.0,0.7,2.1,0.495,0.42,32.2,37.0
Kentavious Caldwell-Pope,2013,8,1,20.3,Georgia,Shooting Guard,G,12.5,3.8,4.3,1.9,16.8,0.579,0.752,0.523,29.2,2.4,5.39,2013.0,0.975,0.0832499999999999,-0.475,4,/players/c/caldwke01.html,https://www.sports-reference.com/cbb/players/kentavious-caldwell-pope-1.html,Georgia,27.7,3.9,8.4,4.1,,0.22836095764272563,18.5,7.1,1.8,2.0,0.5,2.0,0.433,0.373,33.9,32.0
Trey Burke,2013,9,1,20.6,Michigan,Point Guard,G,13.1,2.8,1.9,1.5,37.3,0.569,0.777,0.354,28.3,1.8,21.29,2013.0,0.375,0.07625,-0.6,4,/players/b/burketr01.html,https://www.sports-reference.com/cbb/players/trey-burke-1.html,Michigan,28.7,6.7,9.4,3.7,,0.24963715529753264,18.6,3.2,6.7,1.6,0.5,2.2,0.463,0.384,35.3,39.0
CJ McCollum,2013,10,1,21.8,Lehigh,Shooting Guard,G,9.3,2.7,4.0,1.2,24.9,0.628,0.825,0.33,37.2,0.6,3.96,2013.0,1.975,0.108,0.975,4,/players/m/mccolcj01.html,https://www.sports-reference.com/cbb/players/cj-mccollum-1.html,Lehigh,34.7,1.9,9.0,0.3,,0.25806451612903225,23.9,5.0,2.9,1.4,0.3,2.7,0.495,0.516,31.0,12.0
Michael Carter-Williams,2013,11,1,21.7,Syracuse,Point Guard,G,9.4,4.7,4.0,1.8,40.1,0.491,0.679,0.302,22.2,3.5,20.3,2013.0,0.2,0.02875,-1.625,4,/players/c/cartemi01.html,https://www.sports-reference.com/cbb/players/michael-carter-williams-1.html,Syracuse,20.9,2.7,4.0,5.5,,0.17317246273953157,11.9,5.0,7.3,2.7,0.5,3.5,0.393,0.294,35.2,40.0
Steven Adams,2013,12,1,19.9,Pitt,Center,BIG,8.1,1.9,15.3,11.2,5.4,0.555,0.443,0.0,17.7,1.9,18.84,2013.0,1.125,0.14575,-0.0499999999999999,4,/players/a/adamsst01.html,https://www.sports-reference.com/cbb/players/steven-adams-1.html,Pitt,23.2,1.6,4.0,4.2,,0.18691588785046728,7.2,6.3,0.6,0.7,2.0,1.1,0.571,,23.4,32.0
Kelly Olynyk,2013,13,1,22.2,Gonzaga,Center,BIG,13.9,1.6,11.8,5.1,15.1,0.675,0.709,0.088,30.7,1.9,20.44,2013.0,1.25,0.134,1.225,4,/players/o/olynyke01.html,https://www.sports-reference.com/cbb/players/kelly-olynyk-1.html,Gonzaga,36.2,4.7,10.4,3.6,,0.31715976331360946,17.8,7.3,1.7,0.7,1.1,2.4,0.629,0.3,26.4,32.0
Shabazz Muhammad,2013,14,1,20.6,UCLA,Small Forward,F,4.7,1.3,9.9,0.4,5.8,0.528,0.711,0.232,29.8,0.8,12.82,2013.0,0.0499999999999999,0.0885,-1.675,4,/players/m/muhamsh01.html,https://www.sports-reference.com/cbb/players/shabazz-muhammad-1.html,UCLA,21.9,2.9,5.8,-1.1,,0.14994934143870314,17.9,5.2,0.8,0.7,0.1,1.6,0.443,0.377,30.8,32.0
Shane Larkin,2013,18,1,20.7,Miami (FL),Point Guard,G,9.1,3.4,1.6,0.3,26.1,0.6,0.808,0.445,21.3,2.3,16.98,2013.0,-0.1,0.0569999999999999,-2.1666666666666665,3,/players/l/larkish01.html,https://www.sports-reference.com/cbb/players/shane-larkin-1.html,Miami (FL),22.6,4.3,5.2,3.8,,0.19832189168573608,14.5,3.8,4.6,2.0,0.1,2.3,0.479,0.406,36.4,36.0
Tony Snell,2013,20,1,21.6,New Mexico,Shooting Guard,G,6.2,1.6,1.6,1.9,22.4,0.562,0.821,0.481,22.8,1.5,13.24,2013.0,-0.0749999999999999,0.05625,-2.35,4,/players/s/snellto01.html,https://www.sports-reference.com/cbb/players/tony-snell-1.html,New Mexico,17.0,2.1,4.1,2.1,,0.13174748398902106,12.5,2.6,2.9,0.8,0.5,2.1,0.422,0.39,31.2,35.0
Gorgui Dieng,2013,21,1,23.4,Louisville,Center,BIG,11.5,2.6,12.9,9.4,12.3,0.562,0.64,0.0,17.0,3.2,24.82,2013.0,1.075,0.11075,-0.0249999999999999,4,/players/d/dienggo01.html,https://www.sports-reference.com/cbb/players/gorgui-dieng-1.html,Louisville,23.8,2.5,5.1,6.4,,0.21832358674463936,9.8,9.4,2.0,1.3,2.5,1.8,0.534,,31.1,33.0
Mason Plumlee,2013,22,1,23.3,Duke,Center,BIG,9.5,1.7,9.7,4.0,11.5,0.628,0.583,0.0,24.5,2.6,21.46,2013.0,1.475,0.1315,1.025,4,/players/p/plumlma01.html,https://www.sports-reference.com/cbb/players/mason-plumlee-1.html,Duke,26.3,4.3,5.9,3.6,,0.22115384615384617,17.1,9.9,1.9,1.0,1.4,2.9,0.599,,34.7,36.0
Solomon Hill,2013,23,1,22.3,Arizona,Small Forward,F,8.3,2.1,6.6,1.8,16.8,0.579,0.745,0.423,21.4,1.8,17.31,2013.0,0.0749999999999999,0.0575,-2.225,4,/players/h/hillso01.html,https://www.sports-reference.com/cbb/players/solomon-hill-1.html,Arizona,20.1,3.3,5.6,2.7,,0.17677642980935873,13.4,5.3,2.7,1.1,0.6,2.2,0.458,0.39,33.0,35.0
Tim Hardaway Jr.,2013,24,1,21.3,Michigan,Shooting Guard,G,5.5,1.2,0.8,1.4,13.0,0.538,0.724,0.424,23.7,1.7,21.29,2013.0,0.5,0.0755,-0.95,4,/players/h/hardati02.html,https://www.sports-reference.com/cbb/players/tim-hardaway-jr-1.html,Michigan,17.7,2.8,3.6,1.8,,0.13595166163141995,14.5,4.7,2.4,0.7,0.4,1.9,0.437,0.374,34.8,38.0
Reggie Bullock,2013,25,1,22.3,UNC,Small Forward,F,11.1,2.2,6.7,0.9,16.6,0.625,0.72,0.567,18.5,1.6,14.57,2013.0,0.425,0.09275,-0.35,4,/players/b/bullore01.html,https://www.sports-reference.com/cbb/players/reggie-bullock-2.html,UNC,23.7,4.1,8.1,2.9,,0.20727272727272728,13.9,6.5,2.9,1.3,0.3,1.2,0.483,0.436,31.4,35.0
Andre Roberson,2013,26,1,21.6,Colorado,Shooting Guard,G,8.1,3.9,10.6,4.4,9.4,0.524,0.582,0.211,19.9,2.9,11.91,2013.0,0.625,0.09225,-0.325,4,/players/r/roberan03.html,https://www.sports-reference.com/cbb/players/andre-roberson-1.html,Colorado,21.9,1.4,3.3,4.8,,0.16602316602316602,10.9,11.2,1.4,2.2,1.3,2.4,0.48,0.328,33.4,31.0
Archie Goodwin,2013,29,1,18.9,Kentucky,Shooting Guard,G,2.1,2.1,5.6,1.4,16.8,0.509,0.637,0.179,27.2,1.5,13.96,2013.0,-0.1666666666666666,0.0569999999999999,-1.7333333333333334,3,/players/g/goodwar01.html,https://www.sports-reference.com/cbb/players/archie-goodwin-1.html,Kentucky,16.9,1.6,1.0,1.1,,0.1183206106870229,14.1,4.6,2.7,1.1,0.5,3.1,0.44,0.266,31.8,33.0
Allen Crabbe,2013,31,2,21.2,California,Shooting Guard,G,8.4,1.9,3.3,1.9,16.2,0.568,0.819,0.393,26.6,1.8,-0.77,2013.0,0.45,0.08625,-0.95,4,/players/c/crabbal01.html,https://www.sports-reference.com/cbb/players/allen-crabbe-1.html,Cal,22.3,3.3,6.0,2.4,,0.1707112970711297,18.4,6.1,2.6,1.1,0.7,2.5,0.459,0.348,36.2,33.0
Carrick Felix,2013,33,2,22.9,Arizona State,Shooting Guard,G,6.0,2.4,7.1,3.2,9.6,0.586,0.704,0.368,21.3,2.1,17.31,2013.0,0.0,0.0,0.0,0,/players/f/felixca01.html,https://www.sports-reference.com/cbb/players/carrick-felix-1.html,Arizona St.,21.5,3.0,3.7,2.3,,0.1651821862348178,14.6,8.1,1.6,1.4,1.1,2.0,0.5,0.374,35.3,35.0
Isaiah Canaan,2013,34,2,22.1,Murray State,Point Guard,G,5.8,2.5,2.0,0.4,27.6,0.576,0.803,0.509,30.9,1.3,-5.83,2013.0,-6.938893903907228e-18,0.05525,-1.95,4,/players/c/canaais01.html,https://www.sports-reference.com/cbb/players/isaiah-canaan-1.html,Murray St.,25.2,4.5,5.8,0.0,,0.20866489832007076,21.8,3.5,4.3,1.5,0.1,3.2,0.431,0.37,36.5,31.0
Glen Rice Jr.,2013,35,2,22.5,Georgia Tech,Shooting Guard,G,8.0,2.8,8.0,3.3,19.1,0.539,0.611,0.404,25.9,1.1,6.62,2012.0,-0.1,-0.121,-15.9,1,/players/r/ricegl02.html,https://www.sports-reference.com/cbb/players/glen-rice-jr-1.html,Ga Tech,23.0,1.3,5.3,2.8,,0.15286624203821655,13.0,6.7,2.3,1.3,0.9,2.3,0.457,0.333,29.9,21.0
Ray McCallum,2013,36,2,22.0,Detroit Mercy,Point Guard,G,7.3,3.0,4.0,1.8,23.8,0.578,0.723,0.298,24.4,1.3,6.72,2013.0,-0.05,0.0395,-2.55,2,/players/m/mccalra01.html,https://www.sports-reference.com/cbb/players/ray-mccallum-2.html,Detroit Mercy,25.7,4.7,6.3,1.1,,0.19867549668874174,18.7,5.1,4.5,1.9,0.6,2.1,0.491,0.323,36.6,33.0
Tony Mitchell,2013,37,2,21.2,University of North Texas,Power Forward,BIG,2.2,1.8,8.4,8.5,5.7,0.53,0.702,0.314,22.7,1.8,-6.38,2013.0,0.0,0.0,0.0,0,/players/m/mitchto02.html,https://www.sports-reference.com/cbb/players/tony-mitchell-4.html,North Texas,20.8,1.6,1.0,1.2,,0.12729026036644164,13.0,8.5,0.8,1.0,2.7,2.4,0.44,0.3,32.4,32.0
Nate Wolters,2013,38,2,22.1,South Dakota State,Point Guard,G,9.6,2.8,3.7,0.4,34.3,0.604,0.803,0.339,29.8,1.6,-7.5,2013.0,-0.15,-0.0865,-9.3,2,/players/w/woltena01.html,https://www.sports-reference.com/cbb/players/nate-wolters-1.html,South Dakota St.,32.0,7.0,8.3,1.3,,0.27070063694267515,22.3,5.6,5.8,1.7,0.1,2.3,0.485,0.379,38.1,33.0
Jeff Withey,2013,39,2,23.3,Kansas,Center,BIG,11.5,1.4,8.8,13.7,6.2,0.621,0.726,0.003,21.5,3.2,20.79,2013.0,0.25,0.11775,-0.775,4,/players/w/witheje01.html,https://www.sports-reference.com/cbb/players/jeff-withey-1.html,Kansas,27.2,3.4,4.9,6.6,,0.23076923076923075,13.7,8.5,0.9,0.8,3.9,2.0,0.582,1.0,30.9,37.0
Grant Jerrett,2013,40,2,20.0,Arizona,Power Forward,BIG,6.6,1.6,7.6,5.8,5.7,0.535,0.818,0.513,15.6,1.1,17.31,2013.0,-0.1,-0.128,-10.8,1,/players/j/jerregr01.html,https://www.sports-reference.com/cbb/players/grant-jerrett-1.html,Arizona,16.6,1.2,3.5,3.2,,0.1518151815181518,5.2,3.6,0.5,0.5,1.0,0.6,0.409,0.405,17.8,34.0
Jamaal Franklin,2013,41,2,21.9,San Diego State,Shooting Guard,G,8.5,2.9,6.2,2.6,21.6,0.536,0.78,0.367,29.9,2.8,-0.6,2013.0,0.0,-0.063,-5.6,1,/players/f/frankja01.html,https://www.sports-reference.com/cbb/players/jamaal-franklin-1.html,San Diego St.,24.8,2.5,4.2,4.3,,0.2003780718336484,16.9,9.5,3.3,1.6,0.8,3.4,0.411,0.272,33.1,32.0
Pierre Jackson,2013,42,2,21.8,Baylor,Point Guard,G,10.5,2.5,2.2,0.0,40.7,0.574,0.808,0.484,29.5,1.6,15.07,2013.0,-0.1,0.021,-4.4,1,/players/j/jackspi01.html,https://www.sports-reference.com/cbb/players/pierre-jackson-1.html,Baylor,26.0,5.3,8.5,2.0,,0.22364217252396165,19.8,3.8,7.1,1.5,0.0,3.4,0.427,0.359,34.8,36.0
Ricky Ledo,2013,43,2,20.8,Providence,Shooting Guard,G,,,,,,,,,,,9.3,,-0.4,-0.112,-8.1,1,/players/l/ledori01.html,,,,,,,,,,,,,,,,,,
Mike Muscala,2013,44,2,22.0,Bucknell,Center,BIG,12.5,1.0,11.8,7.8,18.5,0.575,0.819,0.036,31.6,3.0,6.96,2013.0,0.525,0.139,0.15,4,/players/m/muscami01.html,https://www.sports-reference.com/cbb/players/mike-muscala-1.html,Bucknell,35.7,5.3,8.6,3.9,,0.3076923076923077,18.7,11.1,2.3,0.5,2.4,1.7,0.509,0.25,31.7,34.0
Erick Green,2013,46,2,22.1,Virginia Tech,Point Guard,G,11.4,2.1,1.4,0.6,27.0,0.592,0.804,0.285,32.4,0.3,1.8,2013.0,-0.1,0.0605,-3.1,2,/players/g/greener01.html,https://www.sports-reference.com/cbb/players/erick-green-1.html,Virginia Tech,31.6,6.2,10.1,1.3,,0.22298456260720412,25.0,4.0,3.8,1.3,0.2,2.2,0.475,0.389,36.4,32.0
Ryan Kelly,2013,48,2,22.2,Duke,Power Forward,BIG,11.1,1.4,6.9,5.4,11.0,0.586,0.805,0.392,21.4,1.1,21.46,2013.0,-0.2,0.0203333333333333,-3.3000000000000003,3,/players/k/kellyry01.html,https://www.sports-reference.com/cbb/players/ryan-kelly-3.html,Duke,23.5,2.4,7.2,4.0,,0.2108433734939759,12.9,5.3,1.7,0.7,1.6,1.0,0.453,0.422,28.9,23.0
Erik Murphy,2013,49,2,22.7,Florida,Center,BIG,11.6,1.5,7.8,3.1,11.0,0.643,0.757,0.5,22.5,2.4,23.88,2013.0,0.0,0.0,0.0,0,/players/m/murpher01.html,https://www.sports-reference.com/cbb/players/erik-murphy-1.html,Florida,24.4,3.6,7.3,4.3,,0.25210084033613445,12.2,5.5,1.4,0.6,0.7,1.4,0.516,0.453,26.4,36.0
James Ennis III,2013,50,2,23.0,Cal State Long Beach,Small Forward,F,7.1,3.1,6.9,4.2,14.4,0.616,0.788,0.415,24.9,1.4,-1.48,2013.0,0.25,0.1035,-0.6,4,/players/e/ennisja01.html,https://www.sports-reference.com/cbb/players/james-ennis-1.html,Long Beach State,25.3,3.4,5.7,1.4,,0.17200365965233305,16.5,6.7,2.1,1.8,1.3,3.0,0.491,0.357,33.1,33.0
Romero Osby,2013,51,2,,Oklahoma,,F,7.0,1.2,8.9,3.5,8.2,0.577,0.761,0.055,24.2,2.5,,,0.0,0.0,0.0,0,/players/o/osbyro01.html,https://www.sports-reference.com/cbb/players/romero-osby-1.html,,28.9,4.2,7.8,2.1,,0.24561403508771928,16.0,7.0,1.3,0.6,0.8,1.3,0.526,0.529,28.5,32.0
Lorenzo Brown,2013,52,2,22.8,NC State,Point Guard,G,5.5,3.4,2.4,1.6,36.7,0.509,0.741,0.228,22.8,1.3,14.34,2013.0,-0.0666666666666666,-0.024,-4.466666666666667,3,/players/b/brownlo01.html,https://www.sports-reference.com/cbb/players/lorenzo-brown-1.html,NC State,19.9,2.3,3.5,2.0,,0.1275465013286094,12.4,4.3,7.2,2.0,0.6,3.5,0.419,0.263,34.2,33.0
Colton Iverson,2013,53,2,,Colorado State,,F,0.3,1.4,11.5,5.7,8.6,0.52,0.539,0.0,19.1,3.3,,,0.0,0.0,0.0,0,/players/i/iversco01.html,https://www.sports-reference.com/cbb/players/colton-iverson-1.html,,27.4,3.9,6.4,1.5,,0.22071636011616652,14.2,9.8,1.3,0.6,0.7,2.0,0.596,,29.5,35.0
Arsalan Kazemi,2013,54,2,,Oregon,,F,7.1,3.3,12.6,3.7,12.2,0.598,0.679,0.001,22.0,5.9,,,0.0,0.0,0.0,0,/players/k/kazemar01.html,https://www.sports-reference.com/cbb/players/arsalan-kazemi-1.html,,24.4,2.7,5.3,5.4,,0.22440944881889766,9.4,10.0,1.4,2.0,0.7,1.5,0.595,0.0,29.0,35.0
Peyton Siva,2013,56,2,22.7,Louisville,Shooting Guard,G,7.3,4.3,1.1,0.6,34.3,0.513,0.737,0.384,20.0,3.0,24.82,2013.0,0.0,0.0,0.0,0,/players/s/sivape01.html,https://www.sports-reference.com/cbb/players/peyton-siva-1.html,Louisville,17.5,2.3,2.6,4.7,,0.17000801924619086,10.0,2.4,5.7,2.3,0.2,2.7,0.404,0.288,31.2,40.0
Alex Oriakhi,2013,57,2,,Missouri,,F,8.4,1.3,14.1,6.4,2.6,0.674,0.746,0.0,18.5,1.6,,,0.0,0.0,0.0,0,/players/o/oriakal01.html,https://www.sports-reference.com/cbb/players/alex-oriakhi-1.html,,27.2,3.4,5.7,2.7,,0.23234624145785876,11.2,8.4,0.4,0.6,1.6,1.4,0.639,,25.8,34.0
Deshaun Thomas,2013,58,2,,Ohio State,,F,9.0,0.9,5.8,1.0,8.6,0.551,0.802,0.358,29.1,2.0,6.95,2013.0,0.0,0.0,0.0,0,/players/t/thomade01.html,https://www.sports-reference.com/cbb/players/deshaun-thomas-1.html,Ohio St.,24.2,4.8,7.9,1.1,,0.2108479755538579,19.8,5.9,1.3,0.5,0.3,1.4,0.444,0.344,35.4,37.0
Andrew Wiggins,2014,1,1,19.3,Kansas,Small Forward,F,8.3,2.1,8.4,3.1,9.2,0.563,0.775,0.299,26.3,1.7,20.25,2014.0,-0.0499999999999999,0.045,-2.1,4,/players/w/wiggian01.html,https://www.sports-reference.com/cbb/players/andrew-wiggins-1.html,Kansas,21.4,3.2,5.7,2.6,,0.17073170731707318,17.1,5.9,1.5,1.2,1.0,2.3,0.448,0.341,32.8,35.0
Jabari Parker,2014,2,1,19.3,Duke,Power Forward,BIG,7.6,2.1,11.4,4.0,8.6,0.558,0.748,0.212,32.7,1.9,19.51,2014.0,0.4,0.07575,-0.9,4,/players/p/parkeja01.html,https://www.sports-reference.com/cbb/players/jabari-parker-1.html,Duke,28.4,3.6,6.6,1.0,,0.20484171322160147,19.1,8.7,1.2,1.1,1.2,2.3,0.473,0.358,30.7,35.0
Joel Embiid,2014,3,1,20.3,Kansas,Center,BIG,11.9,2.3,12.7,11.7,11.5,0.655,0.685,0.029,23.4,1.7,20.25,2014.0,2.566666666666667,0.1553333333333333,4.233333333333333,3,/players/e/embiijo01.html,https://www.sports-reference.com/cbb/players/joel-embiid-1.html,Kansas,28.2,1.8,5.0,6.9,,0.21020092735703244,11.2,8.1,1.4,0.9,2.6,2.4,0.626,0.2,23.1,28.0
Aaron Gordon,2014,4,1,18.8,Arizona,Power Forward,BIG,8.4,1.8,10.4,3.4,13.0,0.503,0.422,0.118,23.2,3.3,23.36,2014.0,1.2,0.09525,0.2249999999999999,4,/players/g/gordoaa01.html,https://www.sports-reference.com/cbb/players/aaron-gordon-1.html,Arizona,20.4,2.1,3.7,4.7,,0.18197135636057288,12.4,8.0,2.0,0.9,1.0,1.4,0.495,0.356,31.2,38.0
Marcus Smart,2014,6,1,20.3,Oklahoma State,Point Guard,G,12.0,5.0,5.1,1.9,30.1,0.552,0.751,0.425,29.2,2.5,14.91,2014.0,0.65,0.07975,-0.675,4,/players/s/smartma01.html,https://www.sports-reference.com/cbb/players/marcus-smart-1.html,Oklahoma St.,26.9,3.1,6.5,5.5,,0.22090729783037472,18.0,5.9,4.8,2.9,0.6,2.6,0.422,0.299,32.7,31.0
Julius Randle,2014,7,1,19.6,Kentucky,Power Forward,BIG,7.5,1.0,13.3,2.6,10.0,0.567,0.706,0.046,25.4,2.4,18.07,2014.0,0.825,0.09775,-0.5,4,/players/r/randlju01.html,https://www.sports-reference.com/cbb/players/julius-randle-1.html,Kentucky,24.5,3.5,5.4,2.1,,0.19140308191403083,15.0,10.4,1.4,0.5,0.8,2.5,0.501,0.167,30.8,40.0
Nik Stauskas,2014,8,1,20.7,Michigan,Shooting Guard,G,9.3,1.0,1.6,0.9,18.8,0.642,0.832,0.528,24.4,1.1,18.52,2014.0,-0.35,0.0315,-2.7,4,/players/s/stausni01.html,https://www.sports-reference.com/cbb/players/nik-stauskas-1.html,Michigan,22.7,5.0,8.4,0.9,,0.19359875097580018,17.5,2.9,3.3,0.6,0.3,1.9,0.47,0.442,35.6,36.0
Noah Vonleh,2014,9,1,18.8,Indiana,Power Forward,BIG,6.6,1.9,10.8,5.4,4.9,0.604,0.716,0.153,21.4,2.0,11.32,2014.0,-0.0999999999999999,0.074,-2.525,4,/players/v/vonleno01.html,https://www.sports-reference.com/cbb/players/noah-vonleh-1.html,Indiana,22.2,1.6,2.9,3.7,,0.181360201511335,11.3,9.0,0.6,0.9,1.4,2.1,0.523,0.485,26.5,30.0
Elfrid Payton,2014,10,1,20.3,Louisiana,Point Guard,G,6.8,3.6,7.1,1.7,32.9,0.551,0.611,0.116,27.6,1.9,-7.64,2014.0,0.775,0.06775,-0.4999999999999999,4,/players/p/paytoel01.html,https://www.sports-reference.com/cbb/players/elfrid-payton-1.html,Louisiana,25.2,3.7,5.1,1.7,,0.178060413354531,19.2,6.0,5.9,2.3,0.6,3.6,0.509,0.259,35.9,35.0
Doug McDermott,2014,11,1,22.5,Creighton,Small Forward,F,10.9,0.4,6.4,0.5,11.5,0.644,0.831,0.341,36.2,1.4,18.03,2014.0,-0.1,0.0805,-2.2,4,/players/m/mcderdo01.html,https://www.sports-reference.com/cbb/players/doug-mcdermott-1.html,Creighton,32.8,6.3,11.4,-0.5,,0.26079593564775616,26.7,7.0,1.6,0.2,0.1,1.8,0.526,0.449,33.7,35.0
Zach LaVine,2014,13,1,19.3,UCLA,"Shooting Guard, Small Forward,",G,2.9,2.1,2.4,0.8,12.6,0.545,0.691,0.444,20.1,1.2,18.4,2014.0,0.65,0.05575,-0.725,4,/players/l/lavinza01.html,https://www.sports-reference.com/cbb/players/zach-lavine-1.html,UCLA,14.6,1.4,1.7,1.2,,0.11061946902654866,9.4,2.5,1.8,0.9,0.2,1.1,0.441,0.375,24.4,37.0
T.J. Warren,2014,14,1,20.8,NC State,Small Forward,F,10.8,3.1,10.8,1.8,8.6,0.574,0.654,0.178,35.5,1.7,9.02,2014.0,0.6,0.087,-0.5,4,/players/w/warretj01.html,https://www.sports-reference.com/cbb/players/tj-warren-1.html,NC State,31.3,4.7,9.2,1.6,,0.210016155088853,24.9,7.1,1.1,1.8,0.6,2.4,0.525,0.267,35.4,35.0
Adreian Payne,2014,15,1,23.3,Michigan State,Power Forward,BIG,7.5,1.0,6.8,3.8,10.2,0.607,0.755,0.294,28.9,1.7,18.52,2014.0,-0.1666666666666666,0.0806666666666666,-2.033333333333333,3,/players/p/paynead01.html,https://www.sports-reference.com/cbb/players/adreian-payne-1.html,Michigan St.,25.1,2.7,5.5,2.0,,0.19770114942528735,16.4,7.3,1.3,0.5,0.9,2.0,0.503,0.423,28.1,31.0
James Young,2014,17,1,18.9,Kentucky,Shooting Guard,G,6.1,1.4,3.7,0.6,10.8,0.536,0.706,0.522,23.4,1.7,18.07,2014.0,-0.0666666666666666,0.0433333333333333,-4.233333333333333,3,/players/y/youngja01.html,https://www.sports-reference.com/cbb/players/james-young-1.html,Kentucky,16.6,3.0,4.2,1.9,,0.14506172839506173,14.3,4.3,1.7,0.8,0.2,1.9,0.407,0.349,32.4,40.0
Tyler Ennis,2014,18,1,19.8,Syracuse,Point Guard,G,8.7,3.9,2.6,0.7,32.3,0.511,0.765,0.236,21.9,2.2,16.05,2014.0,-0.2,0.0396666666666666,-3.2,3,/players/e/ennisty01.html,https://www.sports-reference.com/cbb/players/tyler-ennis-1.html,Syracuse,21.3,3.2,4.8,3.9,,0.18106995884773663,12.9,3.4,5.5,2.1,0.2,1.7,0.411,0.353,35.7,34.0
Gary Harris,2014,19,1,19.8,Michigan State,Shooting Guard,G,10.3,3.4,4.0,1.6,16.8,0.561,0.788,0.505,26.8,2.0,18.52,2014.0,0.95,0.09825,-0.25,4,/players/h/harriga01.html,https://www.sports-reference.com/cbb/players/gary-harris-1.html,Michigan St.,22.5,3.3,6.6,3.7,,0.1874447391688771,16.7,4.0,2.7,1.8,0.4,1.7,0.429,0.352,32.3,35.0
Mitch McGary,2014,21,1,22.1,Michigan,Power Forward,BIG,8.6,4.9,15.5,3.2,12.6,0.572,0.513,0.036,22.5,0.5,18.52,2014.0,-0.1,-0.018,-7.3,1,/players/m/mcgarmi01.html,https://www.sports-reference.com/cbb/players/mitch-mcgary-1.html,Michigan,26.2,0.5,3.7,4.9,,0.20202020202020202,9.5,8.3,1.5,1.9,0.8,1.6,0.545,0.0,24.8,8.0
Jordan Adams,2014,22,1,20.0,UCLA,Shooting Guard,G,11.5,5.0,7.5,0.6,14.7,0.603,0.839,0.34,26.5,2.2,18.4,2014.0,0.0,0.015,6.9,1,/players/a/adamsjo01.html,https://www.sports-reference.com/cbb/players/jordan-adams-1.html,UCLA,28.3,4.2,7.4,4.1,,0.2365988909426987,17.4,5.3,2.3,2.6,0.1,1.5,0.485,0.356,30.1,36.0
Rodney Hood,2014,23,1,21.7,Duke,"Shooting Guard, Small Forward,",G,3.5,0.8,3.5,1.3,11.9,0.535,0.659,0.449,16.8,0.8,,,0.725,0.084,-0.5750000000000001,4,/players/h/hoodro01.html,https://www.sports-reference.com/cbb/players/rodney-hood-1.html,,20.1,3.6,6.3,0.9,,0.17043478260869566,16.1,3.9,2.1,0.7,0.3,1.5,0.464,0.42,32.9,35.0
Shabazz Napier,2014,24,1,22.9,UConn,Point Guard,G,12.0,3.2,3.4,1.0,30.8,0.591,0.813,0.433,27.5,3.1,17.23,2014.0,0.475,0.06575,-0.3,4,/players/n/napiesh01.html,https://www.sports-reference.com/cbb/players/shabazz-napier-1.html,UConn,25.5,4.9,7.5,4.5,,0.22507122507122507,18.0,5.9,4.9,1.8,0.3,2.9,0.429,0.405,35.1,40.0
P.J. Hairston,2014,26,1,21.5,UNC,Small Forward,F,12.4,3.0,8.4,1.7,11.2,0.586,0.8,0.61,27.0,1.2,15.24,2013.0,-0.8,0.02,-4.5,1,/players/h/hairspj02.html,https://www.sports-reference.com/cbb/players/pj-hairston-1.html,UNC,27.1,3.4,10.1,2.3,,0.22885572139303478,14.6,4.3,1.4,1.3,0.4,1.1,0.431,0.396,23.6,34.0
C.J. Wilcox,2014,28,1,23.5,Washington,Shooting Guard,G,8.4,1.7,2.3,2.8,15.4,0.598,0.84,0.529,24.6,0.9,6.26,2014.0,-0.1,-0.0005,-4.8,2,/players/w/wilcocj01.html,https://www.sports-reference.com/cbb/players/cj-wilcox-1.html,Washington,22.0,3.6,7.4,1.0,,0.15770609318996417,18.3,3.7,2.5,1.0,1.0,1.7,0.453,0.391,34.9,32.0
Josh Huestis,2014,29,1,22.5,Stanford,Power Forward,BIG,5.3,1.0,8.8,5.9,6.8,0.51,0.61,0.223,18.0,2.1,13.42,2014.0,-0.1333333333333333,0.0996666666666666,0.7000000000000003,3,/players/h/huestjo01.html,https://www.sports-reference.com/cbb/players/josh-huestis-1.html,Stanford,17.3,1.9,2.8,2.5,,0.12638230647709323,11.2,8.2,1.2,0.6,1.9,1.2,0.451,0.338,35.2,36.0
Kyle Anderson,2014,30,1,20.8,UCLA,Small Forward,F,10.9,3.1,4.5,2.7,34.3,0.566,0.736,0.154,24.1,2.6,18.4,2014.0,1.35,0.12775,1.725,4,/players/a/anderky01.html,https://www.sports-reference.com/cbb/players/kyle-anderson-3.html,UCLA,24.7,3.1,6.3,4.5,,0.18729096989966554,14.6,8.8,6.5,1.8,0.8,3.1,0.48,0.483,33.2,36.0
K.J. McDaniels,2014,32,2,21.4,Clemson,Small Forward,F,12.9,2.3,8.8,8.9,12.8,0.566,0.767,0.303,29.1,3.1,11.08,2014.0,-0.05,0.047,-3.1,2,/players/m/mcdankj01.html,https://www.sports-reference.com/cbb/players/kj-mcdaniels-1.html,Clemson,28.4,3.6,7.4,5.6,,0.22112211221122113,17.1,7.1,1.6,1.1,2.8,2.3,0.459,0.304,33.7,36.0
Joe Harris,2014,33,2,22.8,Virginia,Shooting Guard,G,8.6,2.2,2.7,0.9,18.1,0.565,0.722,0.533,23.3,2.4,18.38,2014.0,0.5,0.05325,-2.2,4,/players/h/harrijo01.html,https://www.sports-reference.com/cbb/players/joe-harris--1.html,Virginia,18.7,2.6,4.5,4.1,,0.1876172607879925,12.0,2.9,2.3,0.9,0.2,1.3,0.441,0.4,28.8,37.0
Cleanthony Early,2014,34,2,23.2,Wichita State,Small Forward,F,9.0,1.8,5.9,3.3,6.4,0.627,0.819,0.459,28.8,2.5,16.65,2014.0,-0.3,-0.075,-8.6,1,/players/e/earlycl01.html,https://www.sports-reference.com/cbb/players/cleanthony-early-1.html,Wichita St.,26.5,3.6,6.4,2.6,,0.24746450304259635,16.4,5.9,0.8,0.8,0.8,1.9,0.484,0.373,27.4,36.0
Jarnell Stokes,2014,35,2,20.5,Tennessee,Center,BIG,9.5,1.4,15.3,2.9,13.7,0.576,0.628,0.0,24.6,2.6,17.34,2014.0,0.0,0.3445,9.4,2,/players/s/stokeja01.html,https://www.sports-reference.com/cbb/players/jarnell-stokes-1.html,Tennessee,27.6,4.2,7.1,2.4,,0.22685571309424518,15.1,10.6,2.0,0.7,0.9,2.1,0.531,,32.4,37.0
Johnny O'Bryant,2014,36,2,21.1,LSU,Power Forward,BIG,1.3,1.0,10.8,2.9,11.5,0.526,0.619,0.007,28.5,1.5,10.05,2014.0,-0.3333333333333333,0.0466666666666666,-4.233333333333333,3,/players/o/obryajo01.html,https://www.sports-reference.com/cbb/players/johnny-obryant-1.html,LSU,18.7,1.2,1.1,0.2,,0.10588235294117648,15.4,7.7,1.6,0.5,0.9,3.2,0.494,0.333,30.0,34.0
DeAndre Daniels,2014,37,2,,UConn,,F,5.6,1.4,6.3,5.2,3.6,0.559,0.752,0.299,24.2,2.4,17.23,2014.0,0.0,0.0,0.0,0,/players/d/daniede01.html,https://www.sports-reference.com/cbb/players/deandre-daniels-1.html,UConn,20.0,2.1,3.1,2.5,,0.15956482320942886,13.1,6.0,0.4,0.7,1.4,1.5,0.469,0.417,29.0,38.0
Spencer Dinwiddie,2014,38,2,21.2,Colorado,Point Guard,G,10.1,2.9,1.8,0.8,26.3,0.667,0.83,0.481,21.0,0.8,10.8,2014.0,0.775,0.092,-1.25,4,/players/d/dinwisp01.html,https://www.sports-reference.com/cbb/players/spencer-dinwiddie-1.html,Colorado,24.8,2.2,6.2,3.9,,0.2344045368620038,14.7,3.1,3.8,1.5,0.2,1.8,0.466,0.413,31.1,17.0
Jerami Grant,2014,39,2,20.3,Syracuse,Power Forward,BIG,6.4,1.7,9.1,2.5,9.4,0.547,0.641,0.019,21.1,1.9,16.05,2014.0,0.725,0.10775,-0.625,4,/players/g/grantje01.html,https://www.sports-reference.com/cbb/players/jerami-grant-1.html,Syracuse,21.6,2.8,4.0,2.4,,0.18308457711442785,12.1,6.8,1.4,0.8,0.6,1.2,0.496,0.0,31.4,32.0
Glenn Robinson III,2014,40,2,20.5,Michigan,Small Forward,F,5.3,1.9,6.0,1.0,7.6,0.566,0.718,0.29,22.3,1.4,18.52,2014.0,0.15,0.07625,-1.275,4,/players/r/robingl02.html,https://www.sports-reference.com/cbb/players/glenn-robinson-2.html,Michigan,18.9,2.8,4.2,1.2,,0.1407035175879397,13.1,4.4,1.2,0.9,0.3,1.2,0.488,0.306,32.3,37.0
Nick Johnson,2014,42,2,21.5,Arizona,Shooting Guard,G,10.7,2.1,3.0,2.0,17.6,0.549,0.734,0.357,26.3,3.1,23.36,2014.0,0.0,0.0,0.0,0,/players/j/johnsni01.html,https://www.sports-reference.com/cbb/players/nick-johnson-1.html,Arizona,21.5,3.6,5.8,4.9,,0.21320604614160701,16.3,4.1,2.8,1.1,0.7,1.7,0.432,0.367,33.1,38.0
Markel Brown,2014,44,2,22.4,Oklahoma State,Shooting Guard,G,8.9,1.6,3.5,3.1,16.9,0.591,0.733,0.361,23.1,2.0,14.91,2014.0,-0.2,-0.016,-6.9,2,/players/b/brownma02.html,https://www.sports-reference.com/cbb/players/markel-brown-1.html,Oklahoma St.,22.0,3.7,6.3,2.7,,0.18984179850124897,17.2,5.3,2.9,1.0,1.0,1.6,0.473,0.379,35.3,34.0
Dwight Powell,2014,45,2,22.9,Stanford,Center,BIG,5.7,2.4,7.3,2.8,20.4,0.527,0.722,0.103,26.0,2.0,13.42,2014.0,1.275,0.1805,1.4,4,/players/p/poweldw01.html,https://www.sports-reference.com/cbb/players/dwight-powell-1.html,Stanford,19.7,1.8,2.7,3.0,,0.13024850042844902,14.0,6.9,3.1,1.3,0.8,2.9,0.462,0.256,32.4,36.0
Jordan Clarkson,2014,46,2,22.0,Missouri,Shooting Guard,G,3.0,1.7,3.3,1.2,18.4,0.55,0.788,0.298,27.8,2.0,,,0.425,0.04475,-1.125,4,/players/c/clarkjo01.html,https://www.sports-reference.com/cbb/players/jordan-clarkson-1.html,,20.2,3.2,3.8,0.5,,0.14332247557003258,17.5,3.8,3.4,1.1,0.2,2.7,0.448,0.281,35.1,35.0
Russ Smith,2014,47,2,23.2,Louisville,Point Guard,G,11.5,4.0,2.9,0.4,31.6,0.576,0.76,0.376,30.7,2.9,24.69,2014.0,0.0,-0.041,-1.4,1,/players/s/smithru01.html,https://www.sports-reference.com/cbb/players/russ-smith-1.html,Louisville,26.2,3.9,7.2,4.3,,0.24723247232472323,18.2,3.3,4.6,2.0,0.1,2.8,0.468,0.387,29.3,37.0
Lamar Patterson,2014,48,2,22.9,Pitt,Shooting Guard,G,11.4,2.8,3.8,1.2,29.9,0.569,0.723,0.45,29.1,2.3,17.46,2014.0,-0.2,-0.0755,-8.25,2,/players/p/pattela01.html,https://www.sports-reference.com/cbb/players/lamar-patterson-1.html,Pitt,24.2,3.6,8.1,3.2,,0.2010221465076661,17.1,4.9,4.3,1.4,0.3,2.6,0.441,0.388,32.6,36.0
Cameron Bairstow,2014,49,2,23.5,New Mexico,Center,BIG,9.7,1.0,8.5,4.9,11.8,0.611,0.717,0.007,29.9,2.0,12.72,2014.0,-0.1,-0.004,-7.5,1,/players/b/bairsca01.html,https://www.sports-reference.com/cbb/players/cameron-bairstow-1.html,New Mexico,29.0,4.5,7.2,2.5,,0.23235031277926718,20.4,7.4,1.6,0.6,1.5,2.0,0.556,0.333,32.9,34.0
Alec Brown,2014,50,2,,Green Bay,,F,4.7,1.0,8.5,10.9,7.0,0.569,0.748,0.288,26.2,2.0,7.18,2014.0,0.0,0.0,0.0,0,/players/b/brownal01.html,https://www.sports-reference.com/cbb/players/alec-brown-1.html,Green Bay,22.7,1.9,3.0,1.7,,0.1716171617161716,15.3,5.7,1.0,0.5,3.1,2.2,0.476,0.42,30.3,30.0
Semaj Christon,2014,55,2,21.6,Xavier,Point Guard,G,5.2,2.3,1.5,0.8,25.3,0.544,0.67,0.117,26.9,1.3,11.84,2014.0,-0.8,0.006,-5.1,1,/players/c/chrisse01.html,https://www.sports-reference.com/cbb/players/semaj-christon-1.html,Xavier,19.1,2.6,3.7,1.5,,0.13333333333333333,17.0,2.7,4.2,1.3,0.2,2.6,0.479,0.388,35.3,34.0
Devyn Marble,2014,56,2,21.8,Iowa,Shooting Guard,G,9.0,3.5,2.9,0.8,23.6,0.528,0.726,0.342,28.4,1.6,18.58,2014.0,-0.3,-0.026,-6.2,1,/players/m/marblde01.html,https://www.sports-reference.com/cbb/players/roy-devyn-marble-1.html,Iowa,22.6,3.0,6.0,3.0,,0.18492462311557786,17.0,3.2,3.6,1.8,0.2,1.7,0.42,0.349,30.2,33.0
Jordan McRae,2014,58,2,23.2,Tennessee,Shooting Guard,G,10.5,1.3,2.6,3.3,17.6,0.565,0.769,0.439,30.4,2.0,17.34,2014.0,-0.0666666666666666,0.0576666666666666,-2.4,3,/players/m/mcraejo01.html,https://www.sports-reference.com/cbb/players/jordan-mcrae-1.html,Tennessee,24.0,4.3,8.1,2.5,,0.20840336134453782,18.7,3.5,2.5,0.7,1.0,2.1,0.436,0.351,32.2,37.0
Xavier Thames,2014,59,2,,San Diego State,,F,,2.6,2.9,0.2,14.0,0.475,0.641,0.26,16.6,0.4,,,0.0,0.0,0.0,0,/players/t/thamexa01.html,https://www.sports-reference.com/cbb/players/xavier-thames-1.html,,26.5,4.7,7.2,5.2,,0.2664298401420959,17.6,2.9,3.2,1.6,0.1,1.4,0.411,0.374,31.3,36.0
Cory Jefferson,2014,60,2,23.5,Baylor,Power Forward,BIG,6.3,0.8,11.6,4.7,7.4,0.553,0.66,0.103,24.2,1.6,15.8,2014.0,-0.1,0.07,-6.4,1,/players/j/jeffeco01.html,https://www.sports-reference.com/cbb/players/cory-jefferson-1.html,Baylor,23.8,3.3,4.9,1.4,,0.17769718948322757,13.7,8.2,1.0,0.4,1.3,1.3,0.5,0.368,29.0,38.0
Karl-Anthony Towns,2015,1,1,19.6,Kentucky,Center,BIG,14.3,1.4,14.2,11.5,11.6,0.627,0.813,0.031,23.7,2.9,28.72,2015.0,4.6,0.208,5.9,4,/players/t/townska01.html,https://www.sports-reference.com/cbb/players/karl-anthony-towns-1.html,Kentucky,31.4,3.5,6.6,7.6,,0.31143552311435524,10.3,6.7,1.1,0.5,2.3,1.4,0.566,0.25,21.1,39.0
D'Angelo Russell,2015,2,1,19.3,Ohio State,Point Guard,G,11.9,2.8,3.6,1.1,30.1,0.573,0.756,0.449,30.2,2.4,-4.15,2015.0,1.425,0.051,0.825,4,/players/r/russeda01.html,https://www.sports-reference.com/cbb/players/dangelo-russell-1.html,Ohio St.,26.6,4.4,8.6,3.3,,0.22895622895622897,19.3,5.7,5.0,1.6,0.3,2.9,0.449,0.411,33.9,35.0
Jahlil Okafor,2015,3,1,19.5,Duke,Center,BIG,10.4,1.5,14.8,4.5,9.4,0.641,0.51,0.0,27.6,2.2,24.97,2015.0,0.05,0.09525,-1.475,4,/players/o/okafoja01.html,https://www.sports-reference.com/cbb/players/jahlil-okafor-1.html,Duke,30.7,4.5,7.7,2.7,,0.23447069116360456,17.3,8.5,1.3,0.8,1.4,2.5,0.664,,30.1,38.0
Willie Cauley-Stein,2015,6,1,21.9,Kentucky,Center,BIG,12.6,2.9,11.1,7.1,7.4,0.588,0.508,0.0,17.8,3.4,28.72,2015.0,0.95,0.1164999999999999,0.15,4,/players/c/caulewi01.html,https://www.sports-reference.com/cbb/players/willie-cauley-stein-1.html,Kentucky,23.8,2.6,5.4,7.1,,0.23715415019762845,8.9,6.4,1.0,1.2,1.7,1.2,0.572,,25.9,39.0
Stanley Johnson,2015,8,1,19.1,Arizona,Small Forward,F,9.4,3.2,8.9,1.6,11.6,0.551,0.742,0.297,26.6,2.9,24.33,2015.0,-0.175,0.02325,-2.65,4,/players/j/johnsst04.html,https://www.sports-reference.com/cbb/players/stanley-johnson-1.html,Arizona,22.5,2.8,5.0,4.4,,0.2109158186864015,13.8,6.5,1.7,1.5,0.4,2.2,0.446,0.371,28.4,38.0
Frank Kaminsky,2015,9,1,22.2,Wisconsin,Center,BIG,16.2,1.7,6.0,4.5,18.4,0.628,0.763,0.207,28.6,2.9,24.61,2015.0,0.475,0.08775,-0.4,4,/players/k/kaminfr01.html,https://www.sports-reference.com/cbb/players/frank-kaminsky-1.html,Wisconsin,34.4,6.9,11.2,5.0,,0.29900839054157136,18.8,8.2,2.6,0.8,1.5,1.6,0.547,0.416,33.6,39.0
Justise Winslow,2015,10,1,19.2,Duke,"Power Forward, Small Forward,",BIG,10.0,2.8,5.4,2.9,13.2,0.572,0.641,0.309,22.9,2.5,24.97,2015.0,0.175,0.03225,-2.275,4,/players/w/winslju01.html,https://www.sports-reference.com/cbb/players/justise-winslow-1.html,Duke,22.3,3.1,5.3,4.6,,0.19383259911894274,12.6,6.5,2.1,1.3,0.9,1.8,0.486,0.418,29.1,39.0
Myles Turner,2015,11,1,19.3,Texas,Center,BIG,9.3,0.8,7.2,12.3,6.2,0.556,0.839,0.241,25.1,2.1,16.16,2015.0,1.55,0.132,0.875,4,/players/t/turnemy01.html,https://www.sports-reference.com/cbb/players/myles-turner-1.html,Texas,25.5,1.9,3.4,6.0,,0.2119205298013245,10.1,6.5,0.6,0.3,2.6,1.4,0.455,0.274,22.2,34.0
Trey Lyles,2015,12,1,19.6,Kentucky,Power Forward,BIG,8.0,1.4,9.9,2.1,9.2,0.543,0.735,0.121,20.8,2.3,28.72,2015.0,0.3,0.0745,-1.125,4,/players/l/lylestr01.html,https://www.sports-reference.com/cbb/players/trey-lyles-1.html,Kentucky,19.8,2.1,3.9,4.1,,0.21256038647342998,8.7,5.2,1.1,0.5,0.4,1.1,0.488,0.138,23.0,36.0
Devin Booker,2015,13,1,18.7,Kentucky,Shooting Guard,G,9.4,1.3,2.6,0.3,10.9,0.6,0.828,0.491,22.8,1.8,28.72,2015.0,1.45,0.07925,0.55,4,/players/b/bookede01.html,https://www.sports-reference.com/cbb/players/devin-booker-2.html,Kentucky,19.4,2.7,6.1,3.3,,0.22058823529411767,10.0,2.0,1.1,0.4,0.1,1.0,0.47,0.411,21.5,38.0
Cameron Payne,2015,14,1,20.9,Murray State,Point Guard,G,9.9,3.6,2.2,1.6,40.0,0.573,0.781,0.415,31.5,1.8,-6.14,2015.0,-0.075,0.04475,-1.95,4,/players/p/payneca01.html,https://www.sports-reference.com/cbb/players/cameron-payne-1.html,Murray St.,30.1,5.5,8.6,1.3,,0.259094942324756,20.2,3.7,6.0,1.9,0.5,2.5,0.456,0.377,32.2,35.0
Kelly Oubre Jr.,2015,15,1,19.5,Kansas,Small Forward,F,8.8,3.3,6.4,1.8,8.1,0.555,0.718,0.383,23.1,1.7,18.47,2015.0,0.2,0.072,-1.65,4,/players/o/oubreke01.html,https://www.sports-reference.com/cbb/players/kelly-oubre-1.html,Kansas,21.1,1.7,4.7,4.1,,0.1798941798941799,9.3,5.0,0.8,1.1,0.4,1.2,0.444,0.358,21.0,36.0
Terry Rozier,2015,16,1,21.3,Louisville,Point Guard,G,9.4,3.5,3.8,0.5,19.7,0.509,0.772,0.301,27.8,3.0,18.12,2015.0,0.975,0.084,0.025,4,/players/r/roziete01.html,https://www.sports-reference.com/cbb/players/terry-rozier-1.html,Louisville,22.1,3.0,4.8,4.6,,0.19047619047619047,17.1,5.6,3.0,2.0,0.2,2.2,0.411,0.306,35.0,36.0
Rashad Vaughn,2015,17,1,18.9,UNLV,Shooting Guard,G,4.5,1.5,2.3,1.1,11.8,0.547,0.694,0.43,30.8,1.1,5.41,2015.0,-0.1,0.0225,-3.1,2,/players/v/vaughra01.html,https://www.sports-reference.com/cbb/players/rashad-vaughn-1.html,UNLV,20.2,1.4,4.5,0.1,,0.1347708894878706,17.8,4.8,1.6,0.8,0.3,2.2,0.439,0.383,32.3,23.0
Sam Dekker,2015,18,1,21.1,Wisconsin,Power Forward,BIG,10.4,1.1,8.4,1.5,8.6,0.605,0.695,0.372,23.2,1.9,24.61,2015.0,0.1666666666666666,0.078,-1.6333333333333335,3,/players/d/dekkesa01.html,https://www.sports-reference.com/cbb/players/sam-dekker-1.html,Wisconsin,25.5,5.1,8.5,1.8,,0.22598870056497175,13.9,5.5,1.2,0.5,0.5,0.9,0.525,0.331,31.0,40.0
Jerian Grant,2015,19,1,22.7,Notre Dame,Point Guard,G,9.0,2.8,1.3,1.4,33.6,0.592,0.79,0.37,24.2,1.6,19.23,2015.0,0.2249999999999999,0.07,-2.325,4,/players/g/grantje02.html,https://www.sports-reference.com/cbb/players/jerian-grant-1.html,Notre Dame,25.5,6.1,7.3,1.7,,0.21875,16.5,3.0,6.7,1.7,0.5,2.2,0.478,0.316,37.1,38.0
Delon Wright,2015,20,1,23.2,Utah,Point Guard,G,15.5,4.0,4.0,3.2,33.0,0.619,0.814,0.225,22.8,3.1,20.98,2015.0,1.35,0.131,2.175,4,/players/w/wrighde01.html,https://www.sports-reference.com/cbb/players/delon-wright-1.html,Utah,29.2,5.3,8.7,6.9,,0.28841201716738196,14.5,4.9,5.1,2.1,1.0,1.9,0.509,0.356,33.3,35.0
Justin Anderson,2015,21,1,21.6,Virginia,Small Forward,F,12.7,1.6,3.1,2.5,14.0,0.61,0.752,0.471,23.3,1.8,21.73,2015.0,0.0,0.0445,-3.15,4,/players/a/anderju01.html,https://www.sports-reference.com/cbb/players/justin-anderson-1.html,Virginia,23.8,2.5,7.9,4.8,,0.2430939226519337,12.2,4.0,1.7,0.7,0.5,1.2,0.466,0.452,27.8,26.0
Bobby Portis,2015,22,1,20.4,Arkansas,Power Forward,BIG,8.9,2.1,13.6,4.8,8.8,0.582,0.737,0.064,26.7,1.9,14.07,2015.0,0.375,0.08475,-1.05,4,/players/p/portibo01.html,https://www.sports-reference.com/cbb/players/bobby-portis-1.html,Arkansas,29.5,4.2,7.6,1.4,,0.22676579925650558,17.5,8.9,1.2,1.1,1.4,1.6,0.536,0.467,29.9,36.0
Rondae Hollis-Jefferson,2015,23,1,20.5,Arizona,Small Forward,F,9.4,2.4,9.0,3.4,10.1,0.573,0.697,0.105,20.5,2.9,24.33,2015.0,0.425,0.0915,-0.875,4,/players/h/holliro01.html,https://www.sports-reference.com/cbb/players/rondae-hollis-jefferson-1.html,Arizona,21.8,3.1,4.4,5.0,,0.21651376146788992,11.2,6.8,1.6,1.2,0.8,1.6,0.502,0.207,28.7,38.0
Tyus Jones,2015,24,1,19.1,Duke,Point Guard,G,9.3,2.7,1.8,0.2,27.5,0.575,0.889,0.383,18.7,2.1,24.97,2015.0,0.7250000000000001,0.10525,0.25,4,/players/j/jonesty01.html,https://www.sports-reference.com/cbb/players/tyus-jones-1.html,Duke,20.4,4.4,6.0,3.3,,0.19667170953101362,11.8,3.5,5.6,1.5,0.1,1.9,0.417,0.379,33.9,39.0
Jarell Martin,2015,25,1,21.1,LSU,Power Forward,BIG,4.7,1.9,9.7,1.8,10.5,0.565,0.689,0.131,24.8,2.4,11.39,2015.0,-0.5,0.0549999999999999,-4.566666666666666,3,/players/m/martija01.html,https://www.sports-reference.com/cbb/players/jarell-martin-1.html,LSU,21.6,2.7,3.0,1.6,,0.17601380500431404,16.9,9.2,1.8,1.2,0.7,2.8,0.509,0.269,35.1,33.0
Larry Nance Jr.,2015,27,1,22.5,Wyoming,Power Forward,BIG,7.0,2.3,6.0,4.3,20.0,0.581,0.771,0.117,28.5,2.6,3.81,2015.0,1.5,0.14325,1.775,4,/players/n/nancela02.html,https://www.sports-reference.com/cbb/players/larry-nance-2.html,Wyoming,25.3,2.8,4.0,2.9,,0.19963031423290203,16.1,7.2,2.5,1.2,1.2,2.3,0.514,0.333,34.9,31.0
R.J. Hunter,2015,28,1,21.7,Georgia State University,Shooting Guard,G,7.1,3.6,2.8,3.6,20.3,0.552,0.853,0.51,29.6,2.5,12.42,2015.0,0.0,0.0533333333333333,-2.9,3,/players/h/hunterj01.html,https://www.sports-reference.com/cbb/players/rj-hunter-1.html,Georgia St.,25.8,4.4,5.7,1.4,,0.2132921174652241,19.7,4.7,3.6,2.1,1.0,2.2,0.395,0.305,37.0,35.0
Chris McCullough,2015,29,1,20.4,Syracuse,Power Forward,BIG,5.2,3.6,9.0,8.5,8.2,0.508,0.563,0.009,20.7,1.2,11.91,2015.0,0.0,0.0765,-2.7,2,/players/m/mcculch01.html,https://www.sports-reference.com/cbb/players/chris-mccullough-1.html,Syracuse,18.9,0.3,-0.1,5.3,,0.12444444444444444,9.3,6.9,1.1,1.7,2.1,2.2,0.478,1.0,28.1,16.0
Kevon Looney,2015,30,1,19.4,UCLA,Center,BIG,7.0,2.5,12.2,3.3,9.1,0.532,0.626,0.165,19.7,2.0,12.07,2015.0,0.275,0.125,-1.75,4,/players/l/looneke01.html,https://www.sports-reference.com/cbb/players/kevon-looney-1.html,UCLA,21.9,2.8,4.7,2.3,,0.1725067385444744,11.6,9.2,1.4,1.3,0.9,1.3,0.47,0.415,30.9,36.0
Montrezl Harrell,2015,32,2,21.4,Louisville,Center,BIG,9.5,1.6,10.0,3.7,9.2,0.588,0.533,0.098,22.3,3.0,18.12,2015.0,1.9,0.193,2.625,4,/players/h/harremo01.html,https://www.sports-reference.com/cbb/players/montrezl-harrell-1.html,Louisville,24.8,3.6,5.9,3.6,,0.2148087876322213,15.7,9.2,1.4,0.9,1.2,2.0,0.566,0.243,35.1,35.0
Jordan Mickey,2015,33,2,21.0,LSU,Power Forward,BIG,4.8,1.5,10.5,9.6,7.6,0.533,0.669,0.024,25.0,2.6,11.39,2015.0,-0.2,0.045,-5.15,2,/players/m/mickejo01.html,https://www.sports-reference.com/cbb/players/jordan-mickey-1.html,LSU,21.7,1.2,1.2,3.6,,0.14431082331174838,15.4,9.9,1.3,0.9,3.6,3.3,0.504,0.111,34.9,31.0
Anthony Brown,2015,34,2,22.7,Stanford,Small Forward,F,7.1,1.3,3.8,0.6,15.2,0.573,0.751,0.439,21.7,1.7,12.33,2015.0,-0.05,0.286,13.05,2,/players/b/brownan02.html,https://www.sports-reference.com/cbb/players/anthony-brown-5.html,Stanford,19.5,3.6,5.5,1.6,,0.1575757575757576,14.8,6.9,2.5,0.8,0.2,1.9,0.431,0.441,35.7,37.0
Rakeem Christmas,2015,36,2,23.6,Syracuse,Power Forward,BIG,8.1,1.7,10.2,8.5,10.5,0.591,0.681,0.003,25.8,2.3,11.91,2015.0,-0.2,0.099,-5.0,1,/players/c/chrisra01.html,https://www.sports-reference.com/cbb/players/rakeem-christmas-1.html,Syracuse,26.5,3.0,4.3,3.8,,0.20300751879699247,17.5,9.1,1.5,0.9,2.5,2.5,0.552,0.0,34.3,31.0
Richaun Holmes,2015,37,2,21.7,Bowling Green,Center,BIG,8.7,1.5,11.6,11.2,7.2,0.625,0.697,0.147,25.6,2.0,2.93,2015.0,0.8,0.17425,0.925,4,/players/h/holmeri01.html,https://www.sports-reference.com/cbb/players/richaun-holmes-1.html,Bowling Green,30.4,3.2,5.5,3.2,,0.2286995515695067,14.7,8.0,0.8,0.7,2.7,1.9,0.563,0.419,28.8,31.0
Darrun Hilliard,2015,38,2,22.2,Villanova,Shooting Guard,G,10.0,3.8,2.0,1.3,15.9,0.576,0.748,0.528,25.2,2.2,23.13,2015.0,-0.25,-0.0209999999999999,-6.95,2,/players/h/hillida01.html,https://www.sports-reference.com/cbb/players/darrun-hilliard-1.html,Villanova,23.1,3.3,5.6,4.4,,0.21847070506454816,14.3,3.1,2.1,1.8,0.3,1.2,0.44,0.387,28.8,35.0
Josh Richardson,2015,40,2,21.8,Tennessee,Shooting Guard,G,8.3,3.8,2.9,2.0,24.4,0.56,0.758,0.321,25.5,1.4,7.23,2015.0,0.95,0.08225,-0.475,4,/players/r/richajo01.html,https://www.sports-reference.com/cbb/players/josh-richardson-2.html,Tennessee,22.9,3.2,5.5,2.7,,0.15834767641996556,16.0,4.5,3.6,2.1,0.5,2.7,0.461,0.359,36.3,32.0
Pat Connaughton,2015,41,2,22.5,Notre Dame,Shooting Guard,G,7.6,1.3,4.2,2.7,7.6,0.615,0.777,0.618,17.7,1.9,19.23,2015.0,0.5,0.11225,-0.175,4,/players/c/connapa01.html,https://www.sports-reference.com/cbb/players/pat-connaughton-1.html,Notre Dame,19.4,3.5,6.1,1.5,,0.1598815692079941,12.5,7.4,1.5,0.7,0.9,1.2,0.466,0.423,35.6,38.0
Olivier Hanlan,2015,42,2,,Boston College,,F,6.4,2.1,2.6,0.1,29.1,0.553,0.778,0.371,30.1,1.1,6.32,2015.0,0.0,0.0,0.0,0,/players/h/hanlaol01.html,https://www.sports-reference.com/cbb/players/olivier-hanlan-1.html,Boston College,22.2,3.3,6.1,0.3,,0.1461794019933555,19.5,4.2,4.2,1.3,0.0,2.7,0.454,0.353,37.6,32.0
Joe Young,2015,43,2,23.0,Oregon,Point Guard,G,8.2,2.1,2.3,0.1,17.7,0.594,0.9,0.429,27.5,2.1,,,-0.15,0.0104999999999999,-4.35,2,/players/y/youngjo01.html,https://www.sports-reference.com/cbb/players/joseph-young-1.html,,23.2,4.4,6.5,0.3,,0.16944024205748864,20.7,4.4,3.8,1.1,0.0,2.4,0.448,0.357,36.7,36.0
Andrew Harrison,2015,44,2,20.7,Kentucky,Point Guard,G,8.4,2.5,1.7,0.9,26.0,0.531,0.777,0.352,21.4,2.5,28.72,2015.0,-0.1666666666666666,0.0286666666666666,-4.0,3,/players/h/harrian01.html,https://www.sports-reference.com/cbb/players/andrew-harrison-1.html,Kentucky,18.0,2.6,3.7,4.7,,0.20523138832997986,9.3,2.2,3.6,1.0,0.2,1.6,0.378,0.383,25.5,39.0
Marcus Thornton,2015,45,2,,William & Mary,,F,1.3,1.1,1.0,0.4,17.5,0.605,0.789,0.538,28.5,0.7,2.82,2015.0,0.0,0.0,0.0,0,/players/t/thornma02.html,https://www.sports-reference.com/cbb/players/marcus-thornton-3.html,William & Mary,21.8,4.0,4.8,-3.5,,0.15537190082644628,20.0,2.8,2.9,0.6,0.1,2.3,0.456,0.402,36.7,33.0
Norman Powell,2015,46,2,22.1,UCLA,Shooting Guard,G,6.2,3.2,1.9,1.5,12.8,0.54,0.746,0.255,25.3,1.9,12.07,2015.0,0.525,0.094,-0.5249999999999999,4,/players/p/powelno01.html,https://www.sports-reference.com/cbb/players/norman-powell-1.html,UCLA,19.6,2.5,3.1,3.2,,0.1414790996784566,16.4,4.7,2.1,1.8,0.4,2.2,0.456,0.319,34.6,36.0
Dakari Johnson,2015,48,2,19.8,Kentucky,Center,BIG,8.2,1.4,13.4,6.1,8.9,0.553,0.559,0.0,22.0,2.0,28.72,2015.0,0.1,0.178,-0.3,1,/players/j/johnsda04.html,https://www.sports-reference.com/cbb/players/dakari-johnson-1.html,Kentucky,22.3,1.6,3.0,5.1,,0.22677165354330708,6.4,4.6,0.7,0.4,0.9,1.1,0.506,,16.3,39.0
Aaron White,2015,49,2,,Iowa,,F,12.2,2.6,7.7,1.7,10.2,0.633,0.773,0.18,23.5,2.2,15.83,2015.0,0.0,0.0,0.0,0,/players/w/whiteaa01.html,https://www.sports-reference.com/cbb/players/aaron-white-3.html,Iowa,29.3,5.0,8.6,3.6,,0.2691588785046729,16.4,7.3,1.4,1.3,0.5,1.2,0.521,0.356,31.5,34.0
Tyler Harvey,2015,51,2,,Eastern Washington,,F,4.4,1.8,2.0,0.4,13.9,0.643,0.847,0.606,27.5,0.4,,2015.0,0.0,0.0,0.0,0,/players/h/harvety01.html,https://www.sports-reference.com/cbb/players/tyler-harvey-1.html,Eastern Wash.,26.9,5.7,6.9,-2.5,,0.20642978003384094,23.1,3.6,2.6,1.1,0.1,2.0,0.469,0.431,36.9,32.0
Sir'Dominic Pointer,2015,53,2,,St. John's,,F,10.1,3.3,6.3,7.4,18.0,0.566,0.681,0.075,21.0,2.4,11.85,2015.0,0.0,0.0,0.0,0,/players/p/pointsi01.html,https://www.sports-reference.com/cbb/players/sirdominic-pointer-1.html,St. John's (NY),24.7,2.8,4.6,5.5,,0.18197725284339458,13.7,7.7,3.0,1.9,2.4,2.0,0.524,0.08,34.6,33.0
Cady Lalanne,2015,55,2,,UMass,,F,2.4,1.2,13.5,6.4,2.4,0.582,0.666,0.072,21.3,1.5,3.59,2015.0,0.0,0.0,0.0,0,/players/l/lalanca01.html,https://www.sports-reference.com/cbb/players/cady-lalanne-1.html,Massachusetts,20.8,1.4,1.6,0.8,,0.12486544671689988,11.6,9.5,0.3,0.6,1.9,2.5,0.552,0.167,29.0,32.0
Branden Dawson,2015,56,2,22.4,Michigan State,Power Forward,BIG,8.6,2.5,11.9,6.3,12.2,0.533,0.558,0.0,23.4,2.5,9.56,2015.0,0.0,0.0,0.0,0,/players/d/dawsobr01.html,https://www.sports-reference.com/cbb/players/branden-dawson-1.html,Michigan St.,23.8,2.0,4.4,4.2,,0.16682464454976303,11.9,9.1,1.7,1.2,1.7,1.9,0.535,,30.1,35.0
J.P. Tokoto,2015,58,2,,UNC,,F,7.2,2.9,6.4,1.3,24.0,0.484,0.544,0.118,17.9,1.9,20.63,2015.0,0.0,0.0,0.0,0,/players/t/tokotjp01.html,https://www.sports-reference.com/cbb/players/jp-tokoto-1.html,UNC,15.9,1.4,2.7,4.5,,0.11934900542495479,8.3,5.6,4.3,1.5,0.3,2.2,0.428,0.375,29.1,38.0
Ben Simmons,2016,1,1,19.9,LSU,Point Guard,G,10.3,3.1,9.6,2.5,27.4,0.6,0.67,0.008,26.4,2.1,8.79,2016.0,3.35,0.1565,3.65,4,/players/s/simmobe01.html,https://www.sports-reference.com/cbb/players/ben-simmons-1.html,LSU,29.0,3.9,7.0,3.3,,0.20851433536055605,19.2,11.8,4.8,2.0,0.8,3.4,0.56,0.333,34.9,33.0
Brandon Ingram,2016,2,1,18.8,Duke,Small Forward,F,8.0,1.9,6.0,3.6,11.4,0.552,0.682,0.403,25.5,1.5,19.23,2016.0,1.2000000000000002,0.0895,0.2750000000000001,4,/players/i/ingrabr01.html,https://www.sports-reference.com/cbb/players/brandon-ingram-1.html,Duke,22.5,3.4,6.0,2.0,,0.15730337078651688,17.3,6.8,2.0,1.1,1.4,2.0,0.442,0.41,34.6,36.0
Jaylen Brown,2016,3,1,19.7,California,Small Forward,F,3.6,1.7,4.4,2.2,15.3,0.518,0.654,0.27,31.4,1.8,-3.49,2016.0,1.125,0.1035,0.175,4,/players/b/brownja02.html,https://www.sports-reference.com/cbb/players/jaylen-brown-1.html,Cal,17.6,1.0,1.1,2.5,,0.11501597444089456,14.6,5.4,2.0,0.8,0.6,3.1,0.431,0.294,27.6,34.0
Kris Dunn,2016,5,1,22.3,Providence,Point Guard,G,10.1,4.3,3.5,1.9,41.8,0.541,0.693,0.275,28.1,2.3,11.94,2016.0,0.1,-0.017,-4.575,4,/players/d/dunnkr01.html,https://www.sports-reference.com/cbb/players/kris-dunn-1.html,Providence,23.3,2.2,4.7,5.4,,0.16544117647058823,16.4,5.3,6.2,2.5,0.6,3.5,0.448,0.372,33.0,33.0
Buddy Hield,2016,6,1,23.5,Oklahoma,Shooting Guard,G,12.8,1.8,4.0,1.4,12.7,0.665,0.836,0.536,30.2,1.9,19.76,2016.0,1.7,0.07075,0.9,4,/players/h/hieldbu01.html,https://www.sports-reference.com/cbb/players/buddy-hield-1.html,Oklahoma,28.2,5.7,10.6,2.2,,0.2322383498854087,25.0,5.7,2.0,1.1,0.5,3.1,0.501,0.457,35.4,37.0
Jamal Murray,2016,7,1,19.3,Kentucky,Point Guard,G,9.5,1.6,4.9,0.9,12.1,0.59,0.783,0.515,27.3,1.7,20.23,2016.0,1.475,0.10975,0.875,4,/players/m/murraja01.html,https://www.sports-reference.com/cbb/players/jamal-murray-1.html,Kentucky,22.7,4.4,8.1,1.4,,0.19258089976322018,20.0,5.2,2.2,1.0,0.3,2.3,0.454,0.408,35.2,36.0
Marquese Chriss,2016,8,1,19.0,Washington,Power Forward,BIG,4.9,1.9,9.8,5.8,6.3,0.585,0.682,0.178,24.1,1.2,11.21,2016.0,-0.0499999999999999,0.0265,-2.95,4,/players/c/chrisma01.html,https://www.sports-reference.com/cbb/players/marquese-chriss-1.html,Washington,21.6,1.9,2.8,2.2,,0.14622641509433962,13.7,5.4,0.8,0.9,1.6,2.0,0.53,0.35,24.9,34.0
Jakob Poeltl,2016,9,1,20.7,Utah,Center,BIG,10.4,1.1,11.9,5.0,13.9,0.665,0.605,0.0,25.6,1.9,15.5,2016.0,1.2,0.16975,1.425,4,/players/p/poeltja01.html,https://www.sports-reference.com/cbb/players/jakob-poeltl-1.html,Utah,31.1,4.9,7.6,2.8,,0.24885635864592864,17.2,9.1,1.9,0.6,1.6,2.1,0.646,,30.4,36.0
Domantas Sabonis,2016,11,1,20.1,Gonzaga,Center,BIG,8.2,1.1,11.7,2.7,11.3,0.654,0.729,0.036,25.5,2.8,16.92,2016.0,2.25,0.16,2.25,4,/players/s/sabondo01.html,https://www.sports-reference.com/cbb/players/domantas-sabonis-1.html,Gonzaga,29.3,4.6,5.7,2.5,,0.2610966057441253,17.6,11.8,1.8,0.6,0.9,2.6,0.611,0.357,31.9,36.0
Taurean Prince,2016,12,1,22.3,Baylor,Power Forward,BIG,6.6,2.4,9.2,2.7,14.8,0.537,0.718,0.339,28.1,1.4,16.13,2016.0,0.0499999999999999,0.03775,-1.95,4,/players/p/princta02.html,https://www.sports-reference.com/cbb/players/taurean-prince-1.html,Baylor,20.8,2.4,5.3,1.3,,0.14615384615384613,15.9,6.1,2.3,1.3,0.7,2.7,0.432,0.361,30.6,34.0
Denzel Valentine,2016,14,1,22.6,Michigan State,Shooting Guard,G,15.6,1.9,3.0,0.7,45.8,0.608,0.779,0.527,28.5,2.2,13.75,2016.0,0.1666666666666666,0.0456666666666666,-1.4333333333333331,3,/players/v/valende01.html,https://www.sports-reference.com/cbb/players/denzel-valentine-1.html,Michigan St.,29.7,5.0,11.3,4.3,,0.28180039138943247,19.2,7.5,7.8,1.0,0.2,2.7,0.462,0.444,33.0,31.0
Wade Baldwin,2016,17,1,20.2,Vanderbilt,Point Guard,G,7.1,2.3,1.5,1.0,33.7,0.571,0.8,0.32,25.3,1.8,17.2,2016.0,-0.05,0.017,-4.2,2,/players/b/baldwwa01.html,https://www.sports-reference.com/cbb/players/wade-baldwin-1.html,Vanderbilt,20.7,2.7,4.1,3.0,,0.17964071856287425,14.1,4.0,5.2,1.2,0.3,2.8,0.427,0.406,30.4,33.0
Henry Ellenson,2016,18,1,19.4,Marquette,Power Forward,BIG,3.9,1.4,7.8,4.4,11.0,0.534,0.749,0.239,26.7,2.0,7.66,2016.0,-0.05,0.01025,-4.65,4,/players/e/ellenhe01.html,https://www.sports-reference.com/cbb/players/henry-ellenson-1.html,Marquette,20.9,2.0,2.8,1.1,,0.14453477868112014,17.0,9.7,1.8,0.8,1.5,2.4,0.446,0.288,33.5,33.0
Malik Beasley,2016,19,1,19.6,Florida State,Shooting Guard,G,6.2,1.8,5.0,0.6,9.8,0.583,0.813,0.361,24.2,1.1,14.69,2016.0,0.325,0.06125,-1.5,4,/players/b/beaslma01.html,https://www.sports-reference.com/cbb/players/malik-beasley-1.html,Florida St.,20.8,2.9,5.2,1.0,,0.15779092702169625,15.6,5.3,1.5,0.9,0.2,1.7,0.471,0.387,29.8,34.0
Caris LeVert,2016,20,1,21.8,Michigan,Shooting Guard,G,11.4,2.0,2.4,0.7,33.3,0.636,0.77,0.401,25.6,0.7,13.75,2016.0,0.65,0.06675,-0.125,4,/players/l/leverca01.html,https://www.sports-reference.com/cbb/players/caris-levert-1.html,Michigan,28.8,2.2,8.5,2.9,,0.24137931034482757,16.5,5.3,4.9,1.0,0.2,1.7,0.506,0.446,30.9,15.0
DeAndre' Bembry,2016,21,1,22.0,Saint Joseph's,Small Forward,F,8.2,2.2,4.3,2.5,24.1,0.539,0.628,0.258,24.4,2.5,12.1,2016.0,-0.15,0.0132499999999999,-2.875,4,/players/b/bembrde01.html,https://www.sports-reference.com/cbb/players/deandre-bembry-1.html,Saint Joseph's,22.4,3.4,4.7,3.4,,0.17300521998508575,17.4,7.8,4.5,1.4,0.8,2.0,0.479,0.266,37.3,36.0
Malachi Richardson,2016,22,1,20.5,Syracuse,Shooting Guard,G,3.5,2.0,1.7,0.9,12.8,0.51,0.72,0.544,23.2,1.8,14.62,2016.0,-0.25,-0.0375,-7.4,2,/players/r/richama01.html,https://www.sports-reference.com/cbb/players/malachi-richardson-1.html,Syracuse,13.8,1.5,1.4,2.1,,0.10377358490566037,13.4,4.3,2.1,1.1,0.3,2.1,0.369,0.353,34.4,37.0
Brice Johnson,2016,25,1,22.0,UNC,Power Forward,BIG,12.7,2.2,11.6,5.5,9.7,0.649,0.708,0.0,25.0,2.6,23.44,2016.0,0.0,0.082,-0.4,1,/players/j/johnsbr02.html,https://www.sports-reference.com/cbb/players/brice-johnson-1.html,UNC,33.0,5.0,8.5,4.2,,0.2711864406779661,17.0,10.4,1.5,1.1,1.5,1.8,0.614,,28.0,40.0
Pascal Siakam,2016,27,1,22.2,New Mexico State,Power Forward,BIG,8.2,1.7,13.4,6.5,12.1,0.569,0.711,0.029,29.1,3.4,5.21,2016.0,1.9,0.133,1.575,4,/players/s/siakapa01.html,https://www.sports-reference.com/cbb/players/pascal-siakam-1.html,New Mexico St.,31.6,4.4,5.5,2.7,,0.2653061224489796,20.3,11.6,1.7,1.0,2.2,2.0,0.539,0.2,34.6,34.0
Skal Labissière,2016,28,1,20.3,Kentucky,Power Forward,BIG,2.6,0.9,7.3,10.3,3.6,0.54,0.661,0.011,22.2,1.1,20.23,2016.0,-0.0333333333333333,0.0873333333333333,-2.333333333333333,3,/players/l/labissk01.html,https://www.sports-reference.com/cbb/players/skal-labissiere-1.html,Kentucky,18.6,0.9,-1.3,4.0,,0.14109347442680775,6.6,3.1,0.3,0.3,1.6,0.9,0.516,0.0,15.8,36.0
Dejounte Murray,2016,29,1,19.8,Washington,Point Guard,G,3.6,2.8,4.1,0.8,25.6,0.485,0.663,0.243,25.8,1.6,11.21,2016.0,1.2,0.0783333333333333,0.5666666666666668,3,/players/m/murrade01.html,https://www.sports-reference.com/cbb/players/dejounte-murray-1.html,Washington,16.8,1.2,1.9,1.8,,0.09833187006145741,16.1,6.0,4.4,1.8,0.3,3.2,0.416,0.288,33.5,34.0
Damian Jones,2016,30,1,21.0,Vanderbilt,Center,BIG,6.2,0.5,9.9,5.9,10.2,0.584,0.565,0.01,26.8,1.8,17.2,2016.0,0.1,0.1235,-2.225,4,/players/j/jonesda03.html,https://www.sports-reference.com/cbb/players/damian-jones-1.html,Vanderbilt,23.3,2.0,3.1,3.0,,0.17551963048498845,13.9,6.9,1.2,0.2,1.6,2.0,0.59,0.0,26.2,33.0
Deyonta Davis,2016,31,2,19.6,Michigan State,Center,BIG,7.8,0.8,13.5,10.2,7.5,0.601,0.605,0.0,19.3,1.6,13.75,2016.0,0.05,0.1415,-1.75,2,/players/d/davisde01.html,https://www.sports-reference.com/cbb/players/deyonta-davis-1.html,Michigan St.,23.9,1.7,3.4,4.5,,0.20307692307692307,7.5,5.5,0.7,0.3,1.8,0.9,0.598,,18.6,35.0
Cheick Diallo,2016,33,2,19.8,Kansas,Center,BIG,3.7,2.0,10.4,11.9,0.9,0.572,0.556,0.0,21.7,0.6,23.87,2016.0,0.1333333333333333,0.143,-1.1333333333333333,3,/players/d/diallch01.html,https://www.sports-reference.com/cbb/players/cheick-diallo-1.html,Kansas,20.5,0.2,-1.6,5.4,,0.15841584158415842,3.0,2.5,0.0,0.3,0.9,0.6,0.569,,7.5,27.0
Tyler Ulis,2016,34,2,20.5,Kentucky,Point Guard,G,10.3,2.3,1.7,0.3,34.3,0.567,0.846,0.362,23.3,1.7,20.23,2016.0,-0.5,-0.0104999999999999,-7.4,2,/players/u/ulisty01.html,https://www.sports-reference.com/cbb/players/tyler-ulis-1.html,Kentucky,24.0,5.4,7.9,2.4,,0.22049689440993786,17.3,3.0,7.0,1.5,0.1,2.0,0.434,0.344,36.8,35.0
Malcolm Brogdon,2016,36,2,23.5,Virginia,Point Guard,G,11.3,1.8,2.1,0.9,19.5,0.585,0.876,0.382,28.4,2.1,22.04,2016.0,1.45,0.12025,1.225,4,/players/b/brogdma01.html,https://www.sports-reference.com/cbb/players/malcolm-brogdon-1.html,Virginia,25.1,4.9,8.1,3.2,,0.22169437846397466,18.2,4.1,3.1,0.9,0.2,1.4,0.457,0.391,34.1,37.0
Chinanu Onuaku,2016,37,2,19.6,Louisville,Center,BIG,10.5,1.9,13.7,9.6,12.9,0.62,0.547,0.005,20.5,2.3,21.57,2016.0,-0.1,-0.147,-14.7,1,/players/o/onuakch01.html,https://www.sports-reference.com/cbb/players/chinanu-onuaku-1.html,Louisville,26.4,1.8,4.1,6.3,,0.2204724409448819,9.9,8.5,1.6,0.8,2.0,2.1,0.62,0.0,24.6,31.0
Patrick McCaw,2016,38,2,20.7,UNLV,Shooting Guard,G,7.6,3.9,3.6,1.2,22.7,0.591,0.753,0.515,20.3,2.2,5.5,2016.0,-0.15,0.0945,-2.0,4,/players/m/mccawpa01.html,https://www.sports-reference.com/cbb/players/patrick-mccaw-1.html,UNLV,21.3,2.7,3.9,3.7,,0.17969451931716082,14.7,5.1,3.9,2.5,0.4,2.1,0.465,0.366,33.7,33.0
Diamond Stone,2016,40,2,19.4,Maryland,Center,BIG,5.8,1.3,12.4,7.1,4.2,0.61,0.761,0.0,26.7,1.5,16.71,2016.0,0.0,0.0,0.0,0,/players/s/stonedi01.html,https://www.sports-reference.com/cbb/players/diamond-stone-1.html,Maryland,26.7,2.6,3.8,2.0,,0.20322180916976454,12.5,5.4,0.4,0.5,1.6,1.5,0.568,,23.1,35.0
Stephen Zimmerman,2016,41,2,19.8,UNLV,Center,BIG,1.4,1.1,8.8,7.5,6.4,0.519,0.624,0.079,21.9,1.6,5.5,2016.0,0.0,0.0,0.0,0,/players/z/zimmest01.html,https://www.sports-reference.com/cbb/players/stephen-zimmermanjr-1.html,UNLV,17.6,0.5,-0.9,2.3,,0.12352941176470589,10.5,8.7,0.8,0.5,2.0,2.1,0.477,0.294,26.2,26.0
Isaiah Whitehead,2016,42,2,21.3,Seton Hall,Point Guard,G,8.9,2.1,1.8,4.5,33.0,0.511,0.757,0.434,31.6,2.1,14.66,2016.0,-0.1,-0.035,-3.8,1,/players/w/whiteis01.html,https://www.sports-reference.com/cbb/players/isaiah-whitehead-1.html,Seton Hall,20.5,2.1,6.0,2.9,,0.15300546448087432,18.2,3.6,5.1,1.2,1.4,3.5,0.379,0.365,32.3,34.0
Demetrius Jackson,2016,45,2,21.8,Notre Dame,Point Guard,G,6.1,2.1,3.0,0.8,25.1,0.56,0.782,0.381,24.1,0.6,14.1,2016.0,0.0,0.092,-0.3500000000000001,2,/players/j/jacksde01.html,https://www.sports-reference.com/cbb/players/demetrius-jackson-2.html,Notre Dame,21.0,3.8,5.2,0.8,,0.1397934868943606,15.8,3.5,4.7,1.2,0.3,2.2,0.451,0.331,36.0,35.0
A.J. Hammons,2016,46,2,23.8,Purdue,Center,BIG,11.9,0.7,11.5,10.4,10.5,0.623,0.69,0.033,28.6,2.2,20.17,2016.0,0.0,0.0,0.0,0,/players/h/hammoaj01.html,https://www.sports-reference.com/cbb/players/aj-hammons-1.html,Purdue,31.0,2.7,6.5,5.3,,0.24108241082410828,15.0,8.2,1.1,0.3,2.5,2.0,0.592,0.545,24.6,33.0
Jake Layman,2016,47,2,22.3,Maryland,Small Forward,F,8.2,2.1,4.4,3.4,7.0,0.64,0.759,0.514,18.2,2.0,16.71,2016.0,0.0499999999999999,0.0427499999999999,-2.65,4,/players/l/laymaja01.html,https://www.sports-reference.com/cbb/players/jake-layman-1.html,Maryland,18.8,2.4,4.8,3.3,,0.15827338129496404,11.6,5.3,1.1,1.1,1.0,1.7,0.5,0.396,30.9,36.0
Michael Gbinije,2016,49,2,24.1,Syracuse,Shooting Guard,G,7.5,3.2,3.7,1.2,22.7,0.558,0.631,0.456,21.4,5.0,,,0.0,0.0,0.0,0,/players/g/gbinimi01.html,https://www.sports-reference.com/cbb/players/michael-gbinije-1.html,,20.9,3.6,5.3,3.1,,0.16250890947968638,17.5,4.1,4.3,1.9,0.4,2.8,0.461,0.391,37.9,37.0
Georges Niang,2016,50,2,23.0,Iowa State,Power Forward,BIG,8.7,1.5,4.8,1.8,19.2,0.625,0.763,0.276,28.7,1.4,17.01,2016.0,0.3,0.0735,-1.1,4,/players/n/niangge01.html,https://www.sports-reference.com/cbb/players/georges-niang-1.html,Iowa St.,25.9,4.2,7.1,1.6,,0.19277108433734938,20.5,6.2,3.3,0.9,0.6,2.6,0.546,0.392,33.2,35.0
Ben Bentil,2016,51,2,21.2,Providence,Power Forward,BIG,8.2,1.4,8.4,3.1,8.0,0.567,0.761,0.296,29.6,2.0,11.94,2016.0,0.0,0.0,0.0,0,/players/b/bentibe01.html,https://www.sports-reference.com/cbb/players/ben-bentil-1.html,Providence,24.8,3.8,6.3,1.9,,0.19365609348914858,21.1,7.7,1.1,0.9,1.0,1.9,0.462,0.329,34.2,35.0
Joel Bolomboy,2016,52,2,22.4,Weber State,Power Forward,BIG,4.3,1.3,13.1,3.6,7.4,0.634,0.713,0.163,26.1,2.7,-9.93,2016.0,0.0,0.079,-5.0,1,/players/b/bolomjo01.html,https://www.sports-reference.com/cbb/players/joel-bolomboy-1.html,Weber St.,29.1,3.8,3.7,0.6,,0.24975984630163306,17.1,12.6,1.1,0.7,1.2,2.4,0.573,0.364,31.5,33.0
Kay Felder,2016,54,2,21.2,Oakland,Point Guard,G,8.3,2.9,2.2,0.5,50.0,0.572,0.822,0.35,31.3,1.4,6.3,2016.0,-0.3,-0.175,-11.1,1,/players/f/feldeka01.html,https://www.sports-reference.com/cbb/players/kahlil-felder-1.html,Oakland,28.7,6.2,7.5,0.8,,0.2363919129082426,24.4,4.3,9.3,2.0,0.2,3.4,0.44,0.355,36.7,35.0
Marcus Paige,2016,55,2,22.8,UNC,Point Guard,G,8.0,2.1,1.6,1.5,18.6,0.537,0.844,0.588,19.4,1.3,23.44,2016.0,0.0,-0.006,-8.8,1,/players/p/paigema01.html,https://www.sports-reference.com/cbb/players/marcus-paige-1.html,UNC,17.4,2.9,5.1,2.8,,0.15627906976744188,12.6,2.5,3.8,1.1,0.4,1.2,0.398,0.356,31.6,34.0
Daniel Hamilton,2016,56,2,20.9,UConn,Shooting Guard,G,8.0,2.0,3.5,1.5,29.2,0.492,0.772,0.345,25.1,3.0,15.89,2016.0,-0.05,0.0725,-0.8999999999999999,2,/players/h/hamilda02.html,https://www.sports-reference.com/cbb/players/daniel-hamilton-1.html,UConn,20.0,1.8,4.0,4.0,,0.16390584132519617,12.5,8.9,4.7,1.1,0.4,2.4,0.387,0.331,31.9,36.0
Abdel Nader,2016,58,2,22.7,Iowa State,Small Forward,F,-4.5,2.4,5.1,3.6,13.1,0.426,0.717,0.352,35.3,1.4,,,-0.05,0.05425,-2.375,4,/players/n/naderab01.html,https://www.sports-reference.com/cbb/players/abdel-nader-1.html,,15.8,1.5,1.9,1.6,,0.10294117647058823,12.9,5.0,1.5,1.1,0.7,2.3,0.478,0.371,31.1,35.0
Isaiah Cousins,2016,59,2,,Oklahoma,,F,5.4,2.3,2.1,0.8,25.1,0.506,0.711,0.38,21.8,1.9,19.76,2016.0,0.0,0.0,0.0,0,/players/c/cousiis01.html,https://www.sports-reference.com/cbb/players/isaiah-cousins-1.html,Oklahoma,15.9,1.9,2.7,2.8,,0.12337662337662336,12.6,4.5,4.5,1.4,0.3,2.4,0.406,0.411,33.3,37.0
Tyrone Wallace,2016,60,2,22.0,California,Shooting Guard,G,6.6,1.8,3.5,1.3,28.5,0.513,0.613,0.245,27.4,1.6,-3.49,2016.0,-0.4333333333333333,-0.0186666666666666,-6.2,3,/players/w/wallaty01.html,https://www.sports-reference.com/cbb/players/tyrone-wallace-1.html,Cal,19.7,1.8,3.6,3.0,,0.1509433962264151,15.3,5.3,4.4,1.0,0.4,2.6,0.44,0.298,32.2,28.0
Markelle Fultz,2017,1,1,19.1,Washington,Point Guard,G,9.4,2.5,4.0,3.1,35.5,0.558,0.649,0.287,31.4,0.6,2.15,2017.0,0.025,0.03225,-2.275,4,/players/f/fultzma01.html,https://www.sports-reference.com/cbb/players/markelle-fultz-1.html,Washington,28.0,3.3,7.7,1.7,,0.1748878923766816,23.2,5.7,5.9,1.6,1.2,3.2,0.476,0.413,35.7,25.0
Lonzo Ball,2017,2,1,19.7,UCLA,Point Guard,G,12.0,2.8,3.2,2.1,31.4,0.673,0.673,0.566,18.1,2.0,20.67,2017.0,1.225,0.07175,1.125,4,/players/b/balllo01.html,https://www.sports-reference.com/cbb/players/lonzo-ball-1.html,UCLA,24.7,4.8,8.1,3.9,,0.21536025336500395,14.6,6.0,7.6,1.8,0.8,2.5,0.551,0.412,35.1,36.0
Jayson Tatum,2017,3,1,19.3,Duke,Small Forward,F,7.9,2.3,4.8,3.2,12.4,0.566,0.849,0.321,26.2,1.8,21.56,2017.0,3.175,0.13725,3.175,4,/players/t/tatumja01.html,https://www.sports-reference.com/cbb/players/jayson-tatum-1.html,Duke,22.0,2.3,4.6,3.2,,0.16977225672877846,16.8,7.3,2.1,1.3,1.1,2.6,0.452,0.342,33.3,29.0
Josh Jackson,2017,4,1,20.4,Kansas,Small Forward,F,9.9,3.1,8.7,3.5,18.2,0.559,0.566,0.21,27.2,2.2,23.53,2017.0,-0.5,0.0085,-3.0,4,/players/j/jacksjo02.html,https://www.sports-reference.com/cbb/players/josh-jackson-2.html,Kansas,24.2,2.7,5.7,4.2,,0.18198700092850512,16.3,7.4,3.0,1.7,1.1,2.8,0.513,0.378,30.8,35.0
De'Aaron Fox,2017,5,1,19.5,Kentucky,Point Guard,G,8.2,2.7,2.1,0.7,28.6,0.549,0.736,0.154,27.5,2.1,23.88,2017.0,1.65,0.095,1.125,4,/players/f/foxde01.html,https://www.sports-reference.com/cbb/players/deaaron-fox-1.html,Kentucky,22.7,3.1,4.3,3.9,,0.19172932330827067,16.7,4.0,4.6,1.5,0.2,2.4,0.479,0.246,29.6,36.0
Jonathan Isaac,2017,6,1,19.7,Florida State,Power Forward,BIG,10.0,2.4,7.7,6.2,7.5,0.614,0.78,0.348,20.3,1.9,22.4,2017.0,0.95,0.108,0.95,2,/players/i/isaacjo01.html,https://www.sports-reference.com/cbb/players/jonathan-isaac-1.html,Florida St.,24.6,2.4,5.8,4.2,,0.20500595947556613,12.0,7.8,1.2,1.2,1.5,1.5,0.508,0.348,26.2,32.0
Lauri Markkanen,2017,7,1,20.1,Arizona,Power Forward,BIG,9.4,0.8,10.0,1.8,5.6,0.635,0.835,0.434,22.5,1.8,18.25,2017.0,0.75,0.0995,-0.0749999999999999,4,/players/m/markkla01.html,https://www.sports-reference.com/cbb/players/lauri-markkanen-1.html,Arizona,25.0,4.8,7.9,1.5,,0.23508771929824562,15.6,7.2,0.9,0.4,0.5,1.1,0.492,0.423,30.8,37.0
Dennis Smith Jr.,2017,9,1,19.6,NC State,Point Guard,G,6.5,3.1,2.7,1.2,34.2,0.563,0.715,0.364,27.2,0.9,6.09,2017.0,-0.0499999999999999,0.00575,-2.325,4,/players/s/smithde03.html,https://www.sports-reference.com/cbb/players/dennis-smithjr-1.html,NC State,23.1,3.1,5.4,1.1,,0.1436265709156194,18.1,4.6,6.2,1.9,0.4,3.4,0.455,0.359,34.8,32.0
Zach Collins,2017,10,1,19.6,Gonzaga,Center,BIG,10.6,1.5,12.1,9.8,4.4,0.703,0.743,0.101,24.8,2.4,25.26,2017.0,0.1333333333333333,0.0913333333333333,-1.5,3,/players/c/colliza01.html,https://www.sports-reference.com/cbb/players/zach-collins-1.html,Gonzaga,31.0,2.6,4.6,6.0,,0.2971768202080238,10.0,5.9,0.4,0.5,1.8,1.5,0.652,0.476,17.3,39.0
Malik Monk,2017,11,1,19.4,Kentucky,Shooting Guard,G,9.0,1.6,1.1,1.5,13.3,0.586,0.822,0.47,27.2,1.9,23.88,2017.0,0.1,0.04375,-1.9,4,/players/m/monkma01.html,https://www.sports-reference.com/cbb/players/malik-monk-1.html,Kentucky,21.5,3.9,6.5,2.5,,0.19047619047619047,19.8,2.5,2.3,0.9,0.5,2.0,0.45,0.397,32.1,38.0
Luke Kennard,2017,12,1,21.0,Duke,Shooting Guard,G,10.3,1.4,3.9,0.9,13.6,0.629,0.867,0.414,24.0,1.6,21.56,2017.0,0.625,0.10075,-0.275,4,/players/k/kennalu01.html,https://www.sports-reference.com/cbb/players/luke-kennard-1.html,Duke,24.4,5.5,8.4,2.0,,0.2161339421613394,19.5,5.1,2.5,0.8,0.4,1.6,0.489,0.438,35.5,37.0
Donovan Mitchell,2017,13,1,20.8,Louisville,Shooting Guard,G,11.1,3.7,3.7,1.7,16.0,0.534,0.788,0.509,24.6,2.4,22.47,2017.0,2.725,0.13025,2.95,4,/players/m/mitchdo01.html,https://www.sports-reference.com/cbb/players/donovan-mitchell-1.html,Louisville,21.8,3.0,5.7,5.5,,0.19672131147540986,15.6,4.9,2.7,2.1,0.5,1.6,0.408,0.354,32.3,34.0
Bam Adebayo,2017,14,1,19.9,Kentucky,Center,BIG,8.2,1.2,11.1,4.9,4.7,0.624,0.653,0.0,18.5,2.3,23.88,2017.0,2.875,0.181,3.475,4,/players/a/adebaba01.html,https://www.sports-reference.com/cbb/players/edrice-adebayo-1.html,Kentucky,22.0,3.3,4.5,3.6,,0.19563318777292577,13.0,8.0,0.8,0.7,1.5,1.7,0.599,,30.1,38.0
Justin Jackson,2017,15,1,22.2,UNC,Small Forward,F,9.8,1.3,4.8,0.8,15.8,0.555,0.713,0.477,25.7,1.8,24.84,2017.0,-0.1,0.0475,-2.95,4,/players/j/jacksju01.html,https://www.sports-reference.com/cbb/players/justin-jackson-4.html,UNC,21.3,4.3,7.7,2.1,,0.19047619047619047,18.3,4.7,2.8,0.8,0.2,1.7,0.443,0.37,32.0,40.0
Justin Patton,2017,16,1,20.0,Creighton,Center,BIG,8.4,1.9,8.0,5.9,8.5,0.671,0.517,0.051,22.0,1.8,17.27,2017.0,0.0,0.0306666666666666,-4.766666666666667,3,/players/p/pattoju01.html,https://www.sports-reference.com/cbb/players/justin-patton-1.html,Creighton,25.2,2.5,4.2,4.2,,0.19435028248587569,12.9,6.2,1.2,0.9,1.4,1.7,0.676,0.533,25.3,35.0
D.J. Wilson,2017,17,1,21.3,Michigan,Power Forward,BIG,7.9,1.1,6.6,5.2,8.5,0.628,0.817,0.361,18.3,1.6,18.8,2017.0,-0.05,0.12475,-1.125,4,/players/w/wilsodj01.html,https://www.sports-reference.com/cbb/players/dj-wilson-1.html,Michigan,20.9,3.2,5.4,2.5,,0.16623376623376623,11.0,5.3,1.3,0.5,1.5,1.1,0.538,0.373,30.4,38.0
T.J. Leaf,2017,18,1,20.2,UCLA,Power Forward,BIG,8.6,1.1,9.0,3.5,13.2,0.66,0.679,0.152,22.0,1.6,20.67,2017.0,0.0666666666666666,0.077,-1.9,3,/players/l/leaftj01.html,https://www.sports-reference.com/cbb/players/tj-leaf-1.html,UCLA,26.6,4.2,6.5,2.1,,0.22137404580152673,16.3,8.2,2.4,0.6,1.1,1.5,0.617,0.466,29.9,35.0
John Collins,2017,19,1,19.8,Wake Forest,Power Forward,BIG,9.9,1.3,16.4,6.6,4.5,0.658,0.729,0.003,29.9,1.0,14.19,2017.0,1.625,0.1629999999999999,1.95,4,/players/c/collijo01.html,https://www.sports-reference.com/cbb/players/john-collins-1.html,Wake Forest,35.9,4.6,9.3,0.7,,0.25512528473804097,19.2,9.8,0.5,0.6,1.6,1.8,0.622,0.0,26.6,33.0
Harry Giles,2017,20,1,19.2,Duke,Center,BIG,4.4,1.7,16.4,5.3,5.6,0.57,0.5,0.0,17.9,0.6,21.56,2017.0,-0.0666666666666666,0.079,-2.4,3,/players/g/gilesha01.html,https://www.sports-reference.com/cbb/players/harry-giles-1.html,Duke,19.8,0.6,1.5,2.9,,0.16,3.9,3.8,0.3,0.3,0.7,0.7,0.577,,11.5,26.0
Jarrett Allen,2017,22,1,19.2,Texas,Center,BIG,5.2,1.0,10.9,5.0,5.7,0.571,0.564,0.022,22.6,1.7,10.99,2017.0,2.0,0.19425,2.225,4,/players/a/allenja01.html,https://www.sports-reference.com/cbb/players/jarrett-allen-1.html,Texas,20.3,1.5,2.6,2.6,,0.12441093308199812,13.4,8.4,0.8,0.6,1.5,2.5,0.566,0.0,32.2,33.0
OG Anunoby,2017,23,1,19.9,Indiana,Small Forward,F,8.9,3.0,8.5,5.5,11.0,0.611,0.522,0.369,20.8,0.7,14.63,2017.0,0.975,0.103,0.125,4,/players/a/anunoog01.html,https://www.sports-reference.com/cbb/players/og-anunoby-1.html,Indiana,23.8,1.1,5.4,3.5,,0.16915422885572137,11.1,5.4,1.4,1.3,1.3,1.6,0.557,0.311,25.1,16.0
Tyler Lydon,2017,24,1,21.2,Syracuse,Power Forward,BIG,7.0,1.7,7.7,4.7,10.8,0.599,0.809,0.389,18.0,1.7,13.7,2017.0,-0.1,0.086,-4.2,1,/players/l/lydonty01.html,https://www.sports-reference.com/cbb/players/tyler-lydon-1.html,Syracuse,20.3,3.1,4.8,2.2,,0.15647921760391198,13.2,8.6,2.1,1.0,1.4,1.7,0.473,0.395,36.1,34.0
Caleb Swanigan,2017,26,1,20.2,Purdue,Power Forward,BIG,9.4,0.8,10.7,2.5,18.9,0.62,0.76,0.202,28.1,2.6,20.13,2017.0,-0.25,-0.0279999999999999,-6.6,2,/players/s/swanica01.html,https://www.sports-reference.com/cbb/players/caleb-swanigan-1.html,Purdue,26.2,3.7,6.1,3.4,,0.2247585601404741,18.5,12.5,3.1,0.4,0.8,3.4,0.527,0.447,32.5,35.0
Kyle Kuzma,2017,27,1,21.9,Utah,Power Forward,BIG,6.3,1.1,11.3,1.6,15.2,0.565,0.633,0.233,27.0,1.8,12.45,2017.0,0.5,0.063,-1.15,4,/players/k/kuzmaky01.html,https://www.sports-reference.com/cbb/players/kyle-kuzma-1.html,Utah,25.0,2.8,5.6,0.7,,0.20134228187919462,16.4,9.3,2.4,0.6,0.5,2.1,0.504,0.321,30.8,29.0
Tony Bradley,2017,28,1,19.5,UNC,Center,BIG,7.9,1.0,18.6,4.4,7.2,0.59,0.619,0.0,20.7,1.0,24.84,2017.0,0.3,0.1675,-1.3,4,/players/b/bradlto01.html,https://www.sports-reference.com/cbb/players/tony-bradley-1.html,UNC,26.2,2.1,5.6,2.3,,0.22423146473779387,7.1,5.1,0.6,0.3,0.6,0.7,0.573,,14.6,38.0
Derrick White,2017,29,1,23.0,Colorado,Shooting Guard,G,12.4,2.2,3.5,4.9,28.6,0.627,0.813,0.356,25.3,1.4,9.12,2017.0,1.3,0.104,1.1,4,/players/w/whitede01.html,https://www.sports-reference.com/cbb/players/derrick-white-1.html,Colorado,27.3,4.5,9.0,3.4,,0.21146953405017924,18.1,4.1,4.4,1.2,1.4,2.4,0.507,0.396,32.8,34.0
Josh Hart,2017,30,1,22.3,Villanova,Small Forward,F,12.0,2.9,5.8,1.0,18.8,0.619,0.72,0.395,27.8,2.6,23.8,2017.0,0.65,0.0895,-0.475,4,/players/h/hartjo01.html,https://www.sports-reference.com/cbb/players/josh-hart-1.html,Villanova,28.2,5.1,8.1,3.9,,0.25817267393126575,18.7,6.4,2.9,1.6,0.3,2.0,0.51,0.404,33.1,36.0
Frank Jackson,2017,31,2,19.1,Duke,Point Guard,G,5.1,1.3,3.1,0.2,12.6,0.598,0.755,0.459,21.1,0.9,21.56,2017.0,-0.45,0.03375,-3.825,4,/players/j/jacksfr01.html,https://www.sports-reference.com/cbb/players/frank-jackson-2.html,Duke,17.0,2.4,3.7,1.4,,0.14748603351955306,10.9,2.5,1.7,0.6,0.1,1.4,0.473,0.395,24.9,36.0
Davon Reed,2017,32,2,22.0,Miami (FL),Shooting Guard,G,8.2,2.3,2.9,1.5,14.3,0.58,0.779,0.535,22.2,1.9,14.48,2017.0,0.15,0.0905,-2.9,2,/players/r/reedda01.html,https://www.sports-reference.com/cbb/players/davon-reed-1.html,Miami (FL),19.7,2.9,5.0,3.2,,0.1648068669527897,14.9,4.8,2.4,1.3,0.5,2.0,0.433,0.397,35.3,33.0
Wes Iwundu,2017,33,2,22.5,Kansas State,Small Forward,F,7.5,1.9,4.1,1.2,22.9,0.585,0.688,0.271,22.3,1.8,23.53,2017.0,-0.325,0.05,-4.725,4,/players/i/iwundwe01.html,https://www.sports-reference.com/cbb/players/wesley-iwundu-1.html,Kansas St.,20.1,2.6,4.9,2.6,,0.1602914389799636,13.0,6.3,3.5,1.0,0.3,2.3,0.481,0.376,31.4,35.0
Frank Mason III,2017,34,2,23.2,Kansas,Point Guard,G,11.3,2.0,2.0,0.2,26.1,0.622,0.761,0.354,25.6,1.7,23.53,2017.0,-0.0333333333333333,0.0526666666666666,-3.6,3,/players/m/masonfr01.html,https://www.sports-reference.com/cbb/players/frank-mason-1.html,Kansas,25.5,5.8,8.6,2.7,,0.23059185242121447,20.9,4.2,5.2,1.3,0.1,2.4,0.49,0.471,36.1,36.0
Ivan Rabb,2017,35,2,20.4,California,Power Forward,BIG,6.4,1.3,10.7,3.3,10.9,0.541,0.666,0.064,23.8,2.5,-10.71,2017.0,0.1,0.137,-1.4,1,/players/r/rabbiv01.html,https://www.sports-reference.com/cbb/players/ivan-rabb-1.html,Cal,21.7,2.1,3.0,3.4,,0.1818181818181818,14.0,10.5,1.5,0.7,1.0,2.2,0.484,0.4,32.6,31.0
Semi Ojeleye,2017,37,2,22.6,SMU,Power Forward,BIG,9.3,0.8,8.4,1.6,9.3,0.621,0.785,0.399,25.9,2.2,,,-0.175,0.05925,-3.45,4,/players/o/ojelese01.html,https://www.sports-reference.com/cbb/players/semi-ojeleye-1.html,,26.5,5.5,8.3,1.1,,0.25774058577405856,19.0,6.9,1.5,0.4,0.4,1.4,0.487,0.424,34.1,35.0
Jordan Bell,2017,38,2,22.5,Oregon,Center,BIG,10.8,2.5,12.2,8.5,11.4,0.658,0.63,0.052,18.0,3.0,20.8,2017.0,0.025,0.1895,-1.625,4,/players/b/belljo01.html,https://www.sports-reference.com/cbb/players/jordan-bell-1.html,Oregon,26.4,3.2,5.3,5.5,,0.22064056939501778,10.9,8.8,1.8,1.3,2.3,1.9,0.636,0.214,28.8,39.0
Jawun Evans,2017,39,2,20.9,Oklahoma State,Point Guard,G,9.2,3.3,2.8,0.5,43.6,0.535,0.818,0.197,32.7,0.8,11.42,2017.0,-0.1,-0.151,-10.3,1,/players/e/evansja01.html,https://www.sports-reference.com/cbb/players/jawun-evans-1.html,Oklahoma St.,27.3,4.0,8.0,1.2,,0.20512820512820512,19.2,3.4,6.4,1.8,0.1,2.8,0.438,0.379,29.3,32.0
Dwayne Bacon,2017,40,2,21.8,Florida State,Shooting Guard,G,5.5,1.9,4.0,0.4,11.6,0.544,0.733,0.35,29.4,1.3,22.4,2017.0,-0.8666666666666667,0.0109999999999999,-5.2,3,/players/b/bacondw01.html,https://www.sports-reference.com/cbb/players/dwayne-bacon-1.html,Florida St.,20.8,2.5,4.6,1.0,,0.15079365079365079,17.2,4.2,1.7,1.0,0.1,2.0,0.452,0.333,28.8,35.0
Tyler Dorsey,2017,41,2,21.3,Oregon,Shooting Guard,G,6.8,1.5,3.5,0.4,10.7,0.606,0.732,0.514,22.9,1.7,20.8,2017.0,-0.3,0.043,-3.5,1,/players/d/dorsety01.html,https://www.sports-reference.com/cbb/players/tyler-dorsey-1.html,Oregon,19.6,3.5,5.1,1.6,,0.17792985457656116,14.6,3.5,1.7,0.8,0.1,1.5,0.467,0.423,30.0,39.0
Thomas Bryant,2017,42,2,19.9,Indiana,Center,BIG,6.2,1.6,9.7,5.7,9.8,0.601,0.718,0.211,22.2,1.4,14.63,2017.0,0.75,0.15775,1.025,4,/players/b/bryanth01.html,https://www.sports-reference.com/cbb/players/thomas-bryant-1.html,Indiana,21.6,2.4,3.8,2.4,,0.1593291404612159,12.6,6.6,1.5,0.8,1.5,2.3,0.519,0.383,28.1,34.0
Damyean Dotson,2017,44,2,23.1,Oregon,Shooting Guard,G,3.7,1.6,3.7,0.6,8.1,0.523,0.763,0.355,21.5,2.4,,,-0.1999999999999999,0.03325,-3.425,4,/players/d/dotsoda01.html,https://www.sports-reference.com/cbb/players/damyean-dotson-1.html,,23.9,3.9,8.2,1.3,,0.214936247723133,17.4,6.9,1.1,0.9,0.2,1.0,0.47,0.443,34.3,32.0
Dillon Brooks,2017,45,2,21.4,Oregon,Small Forward,F,9.1,2.5,4.8,2.0,23.1,0.585,0.794,0.336,31.6,1.6,20.8,2017.0,-0.6000000000000001,0.03575,-3.975,4,/players/b/brookdi01.html,https://www.sports-reference.com/cbb/players/dillon-brooks-1.html,Oregon,25.5,3.1,6.2,2.9,,0.2121896162528217,16.1,3.2,2.7,1.1,0.5,2.1,0.488,0.401,25.3,35.0
Sterling Brown,2017,46,2,22.4,SMU,Shooting Guard,G,8.9,2.7,6.0,2.2,17.9,0.583,0.77,0.387,21.9,2.7,18.71,2017.0,0.025,0.075,-2.0,4,/players/b/brownst02.html,https://www.sports-reference.com/cbb/players/sterling-brown-2.html,SMU,21.7,3.3,4.8,4.0,,0.2099737532808399,13.4,6.5,3.0,1.4,0.5,2.0,0.459,0.449,32.7,35.0
Ike Anigbogu,2017,47,2,18.7,UCLA,Center,BIG,0.9,0.7,13.2,8.8,2.3,0.564,0.535,0.0,18.4,0.7,20.67,2017.0,0.0,-0.48,-16.2,1,/players/a/anigbik01.html,https://www.sports-reference.com/cbb/players/ike-anigbogu-1.html,UCLA,17.1,0.6,-1.5,2.4,,0.13793103448275862,4.7,4.0,0.2,0.2,1.2,0.8,0.564,,13.0,29.0
Sindarius Thornwell,2017,48,2,22.6,South Carolina,Shooting Guard,G,17.1,3.6,8.0,3.4,19.1,0.59,0.771,0.337,29.5,2.8,17.52,2017.0,-0.1333333333333333,0.038,-3.4000000000000004,3,/players/t/thornsi01.html,https://www.sports-reference.com/cbb/players/sindarius-thornwell-1.html,South Carolina,30.3,4.4,11.0,6.2,,0.2740247383444339,21.4,7.1,2.8,2.1,1.0,2.5,0.444,0.392,33.9,31.0
Monte Morris,2017,51,2,22.0,Iowa State,Point Guard,G,10.5,2.4,3.7,0.8,32.0,0.555,0.78,0.308,22.8,1.7,10.01,2017.0,1.0,0.1235,0.25,4,/players/m/morrimo01.html,https://www.sports-reference.com/cbb/players/monte-morris-1.html,Iowa St.,24.7,4.8,7.5,3.0,,0.21018593371059013,16.4,4.8,6.2,1.5,0.3,1.2,0.465,0.378,35.3,35.0
Edmond Sumner,2017,52,2,21.5,Xavier,Shooting Guard,G,8.8,2.3,1.8,2.7,30.2,0.57,0.73,0.209,24.0,0.9,14.8,2017.0,-0.1666666666666666,0.0479999999999999,-3.6666666666666665,3,/players/s/sumneed01.html,https://www.sports-reference.com/cbb/players/edmond-sumner-1.html,Xavier,21.1,1.8,5.1,3.7,,0.15517241379310348,15.0,4.3,5.0,1.3,0.8,2.8,0.479,0.273,33.1,21.0
Kadeem Allen,2017,53,2,24.4,Arizona,Point Guard,G,7.4,3.1,1.5,2.3,17.8,0.57,0.725,0.318,18.1,2.0,18.25,2017.0,0.15,0.082,-0.2,2,/players/a/allenka01.html,https://www.sports-reference.com/cbb/players/kadeem-allen-1.html,Arizona,16.7,1.7,2.2,5.2,,0.14901960784313725,9.8,4.0,3.0,1.6,0.6,1.9,0.453,0.427,30.0,34.0
Alec Peters,2017,54,2,22.2,Valparaiso,Power Forward,BIG,7.9,1.3,8.5,1.2,14.8,0.594,0.846,0.342,30.8,1.9,3.94,2017.0,0.0,0.0,0.0,0,/players/p/peteral01.html,https://www.sports-reference.com/cbb/players/alec-peters-1.html,Valparaiso,28.7,4.2,7.5,0.4,,0.23945044160942097,23.0,10.1,2.2,0.8,0.4,2.4,0.466,0.363,35.1,29.0
Nigel Williams-Goss,2017,55,2,22.8,Gonzaga,Point Guard,G,2.6,1.9,2.5,0.5,31.5,0.516,0.744,0.225,24.7,2.0,,,0.0,0.017,-3.9,1,/players/w/willini01.html,https://www.sports-reference.com/cbb/players/nigel-williams-goss-1.html,,25.2,4.5,5.7,5.1,,0.25961538461538464,16.8,6.0,4.7,1.7,0.1,2.1,0.486,0.368,32.8,38.0
Jabari Bird,2017,56,2,23.0,California,Shooting Guard,G,6.2,1.3,3.5,0.8,7.7,0.562,0.753,0.56,23.5,1.6,-10.71,2017.0,0.0,0.0,0.0,0,/players/b/birdja01.html,https://www.sports-reference.com/cbb/players/jabari-bird-1.html,Cal,16.5,1.5,3.8,2.4,,0.1436848203939745,14.3,4.7,1.0,0.7,0.2,1.9,0.44,0.365,32.0,27.0
Jaron Blossomgame,2017,59,2,23.8,Clemson,Small Forward,F,6.2,1.4,5.9,2.9,9.7,0.561,0.724,0.213,25.9,1.1,13.22,2017.0,-0.2,0.03,-3.8,1,/players/b/blossja01.html,https://www.sports-reference.com/cbb/players/jaron-blossomgame-1.html,Clemson,23.1,3.2,5.2,1.0,,0.15180935569285084,17.7,6.3,1.5,0.8,0.9,1.7,0.499,0.255,34.3,33.0
Deandre Ayton,2018,1,1,19.9,Arizona,Center,BIG,11.0,1.0,13.5,6.1,10.2,0.65,0.733,0.078,26.6,2.1,15.67,2018.0,1.5,0.1655,1.325,4,/players/a/aytonde01.html,https://www.sports-reference.com/cbb/players/deandre-ayton-1.html,Arizona,32.6,5.5,8.6,2.4,,0.2593856655290102,20.1,11.6,1.6,0.6,1.9,2.0,0.612,0.343,33.5,35.0
Marvin Bagley III,2018,2,1,19.3,Duke,Power Forward,BIG,10.8,1.4,13.8,2.6,8.8,0.643,0.627,0.132,26.3,2.1,24.43,2018.0,-0.05,0.07225,-2.45,4,/players/b/baglema01.html,https://www.sports-reference.com/cbb/players/marvin-bagleyiii-1.html,Duke,30.6,4.8,8.8,2.0,,0.24686940966010734,21.0,11.1,1.5,0.8,0.9,2.3,0.614,0.397,33.9,33.0
Jaren Jackson Jr.,2018,4,1,18.8,Michigan State,Center,BIG,11.7,1.6,8.8,14.3,9.3,0.647,0.797,0.414,23.5,2.2,19.03,2018.0,1.075,0.131,0.7999999999999999,4,/players/j/jacksja02.html,https://www.sports-reference.com/cbb/players/jaren-jacksonjr-1.html,Michigan St.,26.9,2.3,4.4,7.3,,0.2408376963350785,10.9,5.8,1.1,0.6,3.0,1.8,0.513,0.396,21.8,35.0
Trae Young,2018,5,1,19.8,Oklahoma,Point Guard,G,11.1,2.5,1.3,0.7,48.6,0.585,0.861,0.531,37.1,1.1,13.81,2018.0,3.575,0.15075,4.025,4,/players/y/youngtr01.html,https://www.sports-reference.com/cbb/players/trae-young-1.html,Oklahoma,28.3,4.6,9.7,1.3,,0.20123565754633718,27.4,3.9,8.7,1.7,0.3,5.2,0.422,0.36,35.4,32.0
Mo Bamba,2018,6,1,20.1,Texas,Center,BIG,10.9,1.5,12.2,13.1,3.6,0.593,0.681,0.189,21.3,2.4,13.96,2018.0,0.65,0.12725,0.425,4,/players/b/bambamo01.html,https://www.sports-reference.com/cbb/players/mohamed-bamba-1.html,Texas,28.3,2.4,5.0,5.9,,0.2119205298013245,12.9,10.5,0.5,0.8,3.7,1.5,0.541,0.275,30.2,30.0
Wendell Carter Jr.,2018,7,1,19.2,Duke,Center,BIG,11.4,1.7,12.8,7.6,13.0,0.628,0.738,0.144,22.8,2.3,24.43,2018.0,0.775,0.126,-0.2749999999999999,4,/players/c/cartewe01.html,https://www.sports-reference.com/cbb/players/wendell-carterjr-1.html,Duke,28.2,3.6,6.3,5.1,,0.23671013039117353,13.5,9.1,2.0,0.8,2.1,2.0,0.561,0.413,26.9,37.0
Collin Sexton,2018,8,1,19.5,Alabama,Shooting Guard,G,6.9,1.6,4.1,0.3,27.8,0.567,0.778,0.299,32.9,1.2,12.34,2018.0,0.275,0.05825,-1.85,4,/players/s/sextoco01.html,https://www.sports-reference.com/cbb/players/collin-sexton-1.html,Alabama,23.5,3.2,5.8,1.1,,0.1783181357649443,19.2,3.8,3.6,0.8,0.1,2.8,0.447,0.336,29.9,33.0
Kevin Knox,2018,9,1,18.9,Kentucky,Small Forward,F,5.1,1.5,3.3,1.0,8.7,0.556,0.774,0.38,24.6,1.7,17.24,2018.0,-0.275,0.03825,-3.3,4,/players/k/knoxke01.html,https://www.sports-reference.com/cbb/players/kevin-knox-1.html,Kentucky,17.0,2.3,3.3,1.8,,0.1335559265442404,15.6,5.4,1.4,0.8,0.3,2.3,0.445,0.341,32.4,37.0
Mikal Bridges,2018,10,1,21.8,Villanova,Small Forward,F,12.9,2.7,5.2,3.5,10.6,0.655,0.845,0.503,23.2,2.4,26.64,2018.0,2.5,0.137,1.85,4,/players/b/bridgmi01.html,https://www.sports-reference.com/cbb/players/mikal-bridges-1.html,Villanova,26.8,5.4,8.7,4.1,,0.2396887159533074,17.7,5.3,1.9,1.5,1.1,1.4,0.514,0.435,32.1,40.0
Shai Gilgeous-Alexander,2018,11,1,20.0,Kentucky,Point Guard,G,9.0,2.8,3.2,1.7,28.8,0.578,0.817,0.151,21.9,1.9,17.24,2018.0,3.075,0.15075,4.125,4,/players/g/gilgesh01.html,https://www.sports-reference.com/cbb/players/shai-gilgeous-alexander-1.html,Kentucky,21.2,3.3,5.3,3.7,,0.16666666666666669,14.4,4.1,5.1,1.6,0.5,2.7,0.485,0.404,33.7,37.0
Miles Bridges,2018,12,1,20.3,Michigan State,Power Forward,BIG,8.7,1.2,5.2,2.5,16.9,0.572,0.776,0.427,27.1,2.2,19.03,2018.0,1.1,0.089,-0.2666666666666666,3,/players/b/bridgmi02.html,https://www.sports-reference.com/cbb/players/miles-bridges-1.html,Michigan St.,22.6,3.3,6.2,2.5,,0.20618556701030927,17.1,7.0,2.7,0.6,0.8,2.0,0.457,0.364,31.4,34.0
Jerome Robinson,2018,13,1,21.3,Boston College,Shooting Guard,G,5.5,1.4,1.5,0.4,19.5,0.608,0.755,0.386,27.3,1.0,9.0,2018.0,-0.45,-0.024,-5.45,2,/players/r/robinje01.html,https://www.sports-reference.com/cbb/players/jerome-robinson-2.html,Boston College,21.3,3.9,5.5,0.1,,0.15555555555555556,20.7,3.6,3.3,0.9,0.1,2.7,0.485,0.409,36.0,35.0
Michael Porter Jr.,2018,14,1,20.0,Missouri,Small Forward,F,8.6,3.4,9.4,2.0,4.6,0.438,0.778,0.333,36.5,0.1,13.81,2018.0,1.05,0.10275,0.325,4,/players/p/portemi01.html,https://www.sports-reference.com/cbb/players/michael-porterjr-1.html,Missouri,20.0,0.0,4.6,4.1,,0.15094339622641512,10.0,6.7,0.3,1.0,0.3,1.0,0.333,0.3,17.7,3.0
Troy Brown Jr.,2018,15,1,18.9,Oregon,Small Forward,F,3.7,2.9,5.9,0.8,18.7,0.532,0.743,0.342,21.0,1.6,10.7,2018.0,0.15,0.062,-2.0,4,/players/b/browntr01.html,https://www.sports-reference.com/cbb/players/troy-brown-5.html,Oregon,16.6,1.5,1.4,2.3,,0.11344922232387923,11.3,6.2,3.2,1.6,0.2,2.5,0.444,0.291,31.2,35.0
Zhaire Smith,2018,16,1,19.1,Texas Tech,Shooting Guard,G,10.8,2.3,9.6,4.8,12.6,0.618,0.717,0.144,18.3,2.2,19.38,2018.0,-0.1,-0.12,-9.8,1,/players/s/smithzh01.html,https://www.sports-reference.com/cbb/players/zhaire-smith-1.html,Texas Tech,23.0,3.3,6.1,4.7,,0.2131303520456708,11.3,5.0,1.8,1.1,1.1,1.1,0.556,0.45,28.4,37.0
Donte DiVincenzo,2018,17,1,21.4,Villanova,Shooting Guard,G,9.0,2.0,4.9,0.7,20.0,0.608,0.705,0.542,22.4,1.8,26.64,2018.0,0.875,0.09275,-0.0249999999999999,4,/players/d/divindo01.html,https://www.sports-reference.com/cbb/players/donte-divincenzo-1.html,Villanova,20.9,3.7,6.1,2.9,,0.18803418803418803,13.4,4.8,3.5,1.1,0.2,2.0,0.481,0.401,29.3,40.0
Lonnie Walker IV,2018,18,1,19.5,Miami (FL),Shooting Guard,G,5.2,2.0,1.7,1.8,13.0,0.527,0.738,0.509,22.4,1.3,12.83,2018.0,-0.275,0.03275,-2.775,4,/players/w/walkelo01.html,https://www.sports-reference.com/cbb/players/lonnie-walker-2.html,Miami (FL),16.3,1.6,2.9,2.3,,0.12612612612612611,11.5,2.6,1.9,0.9,0.5,1.2,0.415,0.346,27.8,32.0
Kevin Huerter,2018,19,1,19.8,Maryland,Shooting Guard,G,7.8,1.1,3.7,2.1,20.3,0.64,0.748,0.543,21.5,1.6,13.78,2018.0,0.825,0.073,-0.525,4,/players/h/huertke01.html,https://www.sports-reference.com/cbb/players/kevin-huerter-1.html,Maryland,19.4,3.0,5.7,2.1,,0.16348773841961853,14.8,5.0,3.4,0.6,0.7,2.5,0.503,0.417,34.4,32.0
Josh Okogie,2018,20,1,19.8,Georgia Tech,Shooting Guard,G,8.1,2.9,7.3,2.8,15.6,0.55,0.777,0.313,27.3,1.3,5.25,2018.0,-0.025,0.0705,-2.15,4,/players/o/okogijo01.html,https://www.sports-reference.com/cbb/players/josh-okogie-1.html,Ga Tech,22.3,2.1,5.8,2.2,,0.15578465063001146,18.2,6.3,2.5,1.8,1.0,2.5,0.416,0.38,36.4,24.0
Grayson Allen,2018,21,1,22.7,Duke,Shooting Guard,G,8.4,2.8,1.8,0.2,21.2,0.58,0.834,0.637,20.7,2.0,24.43,2018.0,0.7000000000000001,0.104,-0.25,4,/players/a/allengr01.html,https://www.sports-reference.com/cbb/players/grayson-allen-1.html,Duke,18.8,4.0,5.0,3.4,,0.17892342683851403,15.5,3.3,4.6,1.7,0.1,2.1,0.418,0.37,35.6,37.0
Chandler Hutchison,2018,22,1,22.2,Boise State,Small Forward,F,8.9,2.7,3.4,0.9,24.1,0.575,0.687,0.296,33.2,2.2,-8.13,2018.0,-0.1333333333333333,-0.0109999999999999,-5.566666666666666,3,/players/h/hutchch01.html,https://www.sports-reference.com/cbb/players/chandler-hutchison-1.html,Boise St.,25.9,2.8,5.1,3.8,,0.20811654526534862,20.0,7.7,3.5,1.5,0.3,3.4,0.475,0.359,31.0,31.0
Aaron Holiday,2018,23,1,21.7,UCLA,Point Guard,G,5.9,1.9,1.6,0.7,29.9,0.609,0.795,0.446,26.7,1.2,12.07,2018.0,-0.0999999999999999,0.04825,-2.375,4,/players/h/holidaa01.html,https://www.sports-reference.com/cbb/players/aaron-holiday-1.html,UCLA,21.1,3.7,5.3,0.6,,0.15755627009646303,20.3,3.7,5.8,1.3,0.2,3.8,0.461,0.429,37.7,33.0
Moritz Wagner,2018,25,1,21.2,Michigan,Center,BIG,9.2,2.1,6.5,2.0,6.7,0.619,0.698,0.391,25.9,2.6,19.03,2018.0,0.35,0.117,-0.6749999999999999,4,/players/w/wagnemo01.html,https://www.sports-reference.com/cbb/players/moritz-wagner-1.html,Michigan,24.7,3.1,5.4,3.8,,0.21150278293135438,14.6,7.1,0.8,1.0,0.5,1.4,0.528,0.394,27.6,39.0
Landry Shamet,2018,26,1,21.3,Wichita State,Shooting Guard,G,8.6,1.3,1.6,0.7,28.8,0.655,0.811,0.603,20.7,1.1,16.58,2018.0,0.0499999999999999,0.07625,-1.775,4,/players/s/shamela01.html,https://www.sports-reference.com/cbb/players/landry-shamet-1.html,Wichita St.,21.4,3.8,7.3,1.3,,0.1931034482758621,14.9,3.2,5.2,0.7,0.2,2.1,0.489,0.442,31.7,32.0
Robert Williams,2018,27,1,20.7,Texas A&M,Center,BIG,10.6,1.8,10.2,10.4,10.8,0.614,0.541,0.055,19.0,2.0,15.3,2018.0,1.8,0.24925,4.975,4,/players/w/williro04.html,https://www.sports-reference.com/cbb/players/robert-williams-3.html,Texas A&M,25.5,1.5,4.5,6.2,,0.18205461638491546,10.4,9.2,1.4,0.8,2.6,1.7,0.632,0.0,25.6,30.0
Jacob Evans,2018,28,1,21.0,Cincinnati,Shooting Guard,G,9.9,2.6,5.2,3.7,20.0,0.543,0.755,0.43,22.5,3.1,20.25,2018.0,-0.5,-0.056,-7.1,1,/players/e/evansja02.html,https://www.sports-reference.com/cbb/players/jacob-evans-1.html,Cincinnati,20.5,2.8,4.7,5.2,,0.21318879855465223,13.0,4.7,3.1,1.3,1.0,1.8,0.427,0.37,30.8,36.0
Omari Spellman,2018,30,1,20.9,Villanova,Center,BIG,7.5,1.3,9.9,5.5,4.3,0.588,0.7,0.446,18.3,2.2,26.64,2018.0,0.1,0.066,-1.8,1,/players/s/spellom01.html,https://www.sports-reference.com/cbb/players/omari-spellman-1.html,Villanova,20.6,2.9,4.7,2.8,,0.1848888888888889,10.9,8.0,0.8,0.7,1.5,1.0,0.476,0.433,28.1,40.0
Jevon Carter,2018,32,2,22.8,West Virginia,Point Guard,G,12.0,4.9,2.4,1.2,36.2,0.549,0.798,0.385,25.0,2.8,19.89,2018.0,0.3999999999999999,0.08775,-0.425,4,/players/c/carteje01.html,https://www.sports-reference.com/cbb/players/jevon-carter-1.html,West Virginia,24.9,4.3,6.7,5.3,,0.21325209444021323,17.3,4.6,6.6,3.0,0.4,2.6,0.422,0.393,35.5,37.0
Jalen Brunson,2018,33,2,21.8,Villanova,Point Guard,G,10.2,1.7,1.2,0.1,26.6,0.635,0.82,0.407,26.4,1.7,26.64,2018.0,1.725,0.1404999999999999,1.2,4,/players/b/brunsja01.html,https://www.sports-reference.com/cbb/players/jalen-brunson-1.html,Villanova,26.1,6.0,8.0,2.2,,0.24213836477987422,18.9,3.1,4.6,0.9,0.0,1.8,0.521,0.408,31.8,40.0
Devonte' Graham,2018,34,2,23.3,Kansas,Point Guard,G,8.6,2.4,2.0,0.1,31.4,0.568,0.787,0.544,23.9,1.8,21.39,2018.0,0.9,0.08125,0.0249999999999999,4,/players/g/grahade01.html,https://www.sports-reference.com/cbb/players/devonte-graham-1.html,Kansas,21.2,4.9,6.6,2.0,,0.18181818181818182,17.3,4.0,7.2,1.6,0.1,2.8,0.4,0.406,37.8,39.0
Melvin Frazier,2018,35,2,21.8,Tulane,Shooting Guard,G,6.9,3.6,3.9,2.2,17.9,0.631,0.653,0.283,22.2,1.6,1.21,2018.0,-0.2,-0.0515,-9.35,2,/players/f/frazime01.html,https://www.sports-reference.com/cbb/players/melvin-frazier-1.html,Tulane,22.4,2.4,4.1,2.8,,0.1511627906976744,15.9,5.6,2.9,2.2,0.7,2.6,0.556,0.385,34.4,30.0
Gary Trent Jr.,2018,37,2,19.4,Duke,Shooting Guard,G,7.0,1.9,2.9,0.4,6.8,0.567,0.876,0.564,19.5,1.8,24.43,2018.0,0.75,0.0865,-0.5499999999999999,4,/players/t/trentga02.html,https://www.sports-reference.com/cbb/players/gary-trentjr-1.html,Duke,16.7,3.3,4.4,2.6,,0.16280925778132482,14.5,4.2,1.4,1.2,0.1,1.0,0.415,0.402,33.9,37.0
Khyri Thomas,2018,38,2,22.1,Creighton,Shooting Guard,G,8.6,2.9,4.0,0.8,15.1,0.65,0.719,0.442,21.0,1.7,16.35,2018.0,0.05,0.063,-2.75,2,/players/t/thomakh01.html,https://www.sports-reference.com/cbb/players/khyri-thomas-1.html,Creighton,21.8,3.1,5.3,3.3,,0.1835564053537285,15.1,4.4,2.8,1.7,0.2,1.8,0.538,0.411,31.7,33.0
Jarred Vanderbilt,2018,41,2,19.2,Kentucky,Power Forward,BIG,6.4,1.4,23.1,5.3,10.7,0.476,0.632,0.015,20.8,0.5,17.24,2018.0,0.75,0.09775,-1.275,4,/players/v/vandeja01.html,https://www.sports-reference.com/cbb/players/jarred-vanderbilt-1.html,Kentucky,21.6,0.5,3.5,2.9,,0.1680672268907563,5.9,7.9,1.0,0.4,0.8,1.1,0.426,0.0,17.0,14.0
Bruce Brown,2018,42,2,21.9,Miami (FL),"Point Guard, Small Forward,",G,5.1,2.3,4.6,2.5,21.3,0.488,0.702,0.319,21.2,1.2,12.83,2018.0,0.775,0.1065,-0.275,4,/players/b/brownbr01.html,https://www.sports-reference.com/cbb/players/bruce-brown-2.html,Miami (FL),16.9,0.7,1.5,3.6,,0.11875,11.4,7.1,4.0,1.3,0.8,2.3,0.415,0.267,33.7,19.0
Justin Jackson,2018,43,2,,Maryland,,F,1.9,1.7,11.2,3.0,12.7,0.47,0.728,0.396,24.1,0.6,13.78,2018.0,0.0,0.0,0.0,0,/players/j/jacksju02.html,https://www.sports-reference.com/cbb/players/justin-jackson-5.html,Maryland,14.2,0.0,0.2,1.7,,0.08722741433021806,9.8,8.1,1.9,0.8,0.8,2.9,0.366,0.25,29.2,11.0
Hamidou Diallo,2018,45,2,19.9,Kentucky,Small Forward,F,2.9,1.7,4.2,1.6,9.5,0.498,0.616,0.246,22.6,1.3,17.24,2018.0,0.0499999999999999,0.05675,-1.975,4,/players/d/diallha01.html,https://www.sports-reference.com/cbb/players/hamidou-diallo-1.html,Kentucky,13.8,1.1,0.6,2.3,,0.10457516339869281,10.0,3.6,1.2,0.8,0.4,1.4,0.428,0.338,24.8,37.0
De'Anthony Melton,2018,46,2,20.1,USC,Point Guard,G,7.2,4.0,5.9,3.9,22.5,0.53,0.706,0.32,17.7,1.5,12.81,2017.0,1.2000000000000002,0.09425,1.225,4,/players/m/meltode01.html,https://www.sports-reference.com/cbb/players/deanthony-melton-1.html,USC,19.2,1.7,2.6,4.6,,0.13168724279835392,8.3,4.7,3.5,1.9,1.0,1.8,0.437,0.284,27.0,36.0
Svi Mykhailiuk,2018,47,2,21.0,Kansas,Small Forward,F,6.6,1.9,4.0,0.9,13.4,0.572,0.746,0.549,21.0,1.5,21.39,2018.0,-0.05,0.0507499999999999,-1.875,4,/players/m/mykhasv01.html,https://www.sports-reference.com/cbb/players/sviatoslav-mykhailiuk-1.html,Kansas,16.9,3.1,4.5,2.0,,0.13670133729569092,14.6,3.9,2.7,1.2,0.3,1.7,0.434,0.444,34.5,39.0
Keita Bates-Diop,2018,48,2,22.4,Ohio State,Small Forward,F,11.1,1.6,5.7,5.9,10.5,0.577,0.776,0.357,29.4,2.5,-2.52,2018.0,0.125,0.07875,-1.625,4,/players/b/bateske01.html,https://www.sports-reference.com/cbb/players/keita-bates-diop-1.html,Ohio St.,27.5,3.6,7.8,3.3,,0.21688888888888888,19.8,8.7,1.6,0.9,1.6,1.8,0.48,0.359,33.1,34.0
Chimezie Metu,2018,49,2,21.3,USC,Center,BIG,5.6,1.5,7.2,6.3,10.0,0.574,0.692,0.102,25.8,1.8,12.81,2018.0,0.1,0.0975,-0.875,4,/players/m/metuch01.html,https://www.sports-reference.com/cbb/players/chimezie-metu-1.html,USC,23.5,2.6,3.1,2.5,,0.16714150047483384,15.7,7.4,1.6,0.8,1.7,2.0,0.523,0.3,31.0,34.0
Alize Johnson,2018,50,2,22.2,Missouri State,Power Forward,BIG,5.9,0.9,11.4,1.5,19.3,0.528,0.716,0.365,27.1,2.0,13.81,2018.0,0.0,0.07,-3.375,4,/players/j/johnsal02.html,https://www.sports-reference.com/cbb/players/alize-johnson-1.html,Missouri St.,24.1,2.7,5.6,0.3,,0.18287937743190663,15.0,11.6,2.8,0.5,0.4,2.2,0.43,0.281,31.2,33.0
Tony Carr,2018,51,2,,Penn State,,F,8.2,1.4,3.0,0.9,29.3,0.527,0.786,0.338,29.9,1.9,-8.13,2018.0,0.0,0.0,0.0,0,/players/c/carrto01.html,https://www.sports-reference.com/cbb/players/tony-carr-1.html,Penn St.,22.2,4.0,7.0,1.2,,0.18348623853211007,19.6,4.9,5.0,0.8,0.3,2.3,0.408,0.433,35.4,37.0
Vince Edwards,2018,52,2,22.2,Purdue,Small Forward,F,8.1,1.0,8.4,2.0,17.1,0.587,0.82,0.339,23.8,2.1,23.41,2018.0,0.0,0.0,0.0,0,/players/e/edwarvi01.html,https://www.sports-reference.com/cbb/players/vince-edwards-2.html,Purdue,21.8,3.4,6.0,2.1,,0.1952983725135624,14.6,7.4,2.9,0.5,0.6,2.0,0.476,0.398,31.6,35.0
Devon Hall,2018,53,2,23.0,Virginia,Point Guard,G,10.1,1.8,1.4,0.6,19.6,0.599,0.807,0.454,19.5,2.6,22.2,2018.0,-0.1,-0.116,-6.7,1,/players/h/hallde01.html,https://www.sports-reference.com/cbb/players/devon-hall-1.html,Virginia,20.3,3.3,5.5,4.6,,0.2163153070577452,11.7,4.2,3.1,0.9,0.1,1.0,0.454,0.432,32.1,34.0
Shake Milton,2018,54,2,21.7,SMU,Shooting Guard,G,8.7,2.4,2.1,2.3,25.9,0.606,0.791,0.471,25.0,1.3,9.08,2018.0,0.05,0.09325,-1.7000000000000002,4,/players/m/miltosh01.html,https://www.sports-reference.com/cbb/players/malik-milton-1.html,SMU,24.2,2.8,6.8,2.0,,0.21000000000000002,18.0,4.7,4.4,1.4,0.6,2.3,0.449,0.434,36.4,22.0
Ray Spalding,2018,56,2,21.3,Louisville,Power Forward,BIG,8.2,3.1,13.2,6.3,9.6,0.568,0.579,0.056,22.9,2.4,14.3,2018.0,-0.1,-0.184,-14.3,1,/players/s/spaldra01.html,https://www.sports-reference.com/cbb/players/raymond-spalding-1.html,Louisville,25.6,2.4,4.1,4.1,,0.192964824120603,12.3,8.7,1.3,1.5,1.7,1.7,0.543,0.263,27.6,36.0
Kevin Hervey,2018,57,2,22.0,UT Arlington,Power Forward,BIG,5.5,2.1,8.0,2.2,15.2,0.553,0.768,0.417,31.0,2.0,-1.24,2018.0,0.0,-0.085,-5.1,1,/players/h/herveke01.html,https://www.sports-reference.com/cbb/players/kevin-hervey-1.html,UTA,23.7,2.6,5.1,0.4,,0.17293233082706766,20.5,8.5,2.2,1.2,0.6,2.7,0.446,0.339,32.2,33.0
Thomas Welsh,2018,58,2,22.4,UCLA,Center,BIG,5.8,1.1,9.1,2.8,7.8,0.577,0.798,0.335,17.7,1.7,12.07,2018.0,0.0,0.0,0.0,0,/players/w/welshth01.html,https://www.sports-reference.com/cbb/players/thomas-welsh-1.html,UCLA,20.3,2.8,4.5,1.3,,0.1642335766423358,12.6,10.8,1.4,0.7,0.9,1.0,0.485,0.402,33.2,33.0
George King,2018,59,2,24.4,Colorado,Small Forward,F,4.7,1.1,7.2,2.6,8.2,0.574,0.731,0.492,23.3,1.3,6.06,2018.0,-0.1,-0.296,-20.1,1,/players/k/kingge03.html,https://www.sports-reference.com/cbb/players/george-king-1.html,Colorado,18.8,1.7,3.2,1.6,,0.13143483023001096,12.9,7.8,1.1,0.5,0.7,2.0,0.445,0.395,28.5,32.0
Kostas Antetokounmpo,2018,60,2,20.6,Dayton,Power Forward,BIG,-2.1,1.0,7.3,8.3,5.9,0.575,0.516,0.149,20.9,0.5,1.64,2018.0,-0.05,0.0095,-6.65,2,/players/a/antetko01.html,https://www.sports-reference.com/cbb/players/kostas-antetokounmpo-1.html,Dayton,13.7,0.2,-3.3,1.2,,0.0639269406392694,5.2,2.9,0.4,0.2,1.1,1.3,0.574,0.133,15.1,29.0
Zion Williamson,2019,1,1,19.0,Duke,Power Forward,BIG,20.1,3.9,12.7,5.8,14.9,0.702,0.64,0.163,28.6,2.8,26.9,2019.0,3.0666666666666664,0.1829999999999999,5.133333333333333,3,/players/w/willizi01.html,https://www.sports-reference.com/cbb/players/zion-williamson-1.html,Duke,40.8,5.5,13.4,6.7,,0.3353535353535354,22.6,8.9,2.1,2.1,1.8,2.4,0.68,0.338,30.0,33.0
Ja Morant,2019,2,1,19.9,Murray State,Point Guard,G,10.0,2.7,3.9,2.3,51.8,0.612,0.81,0.296,33.3,2.4,-14.57,2019.0,2.225,0.12925,3.625,4,/players/m/moranja01.html,https://www.sports-reference.com/cbb/players/temetrius-morant-1.html,Murray St.,31.6,5.8,8.3,1.7,,0.27174813587406793,24.5,5.7,10.0,1.8,0.8,5.2,0.499,0.363,36.6,33.0
RJ Barrett,2019,3,1,19.0,Duke,Shooting Guard,G,8.6,1.4,4.8,1.2,23.5,0.532,0.665,0.338,32.2,2.7,26.9,2019.0,0.15,0.0605,-1.675,4,/players/b/barrerj01.html,https://www.sports-reference.com/cbb/players/rj-barrett-1.html,Duke,23.3,3.8,6.5,2.1,,0.19388516032811334,22.6,7.6,4.3,0.9,0.4,3.2,0.454,0.308,35.3,38.0
De'Andre Hunter,2019,4,1,21.6,Virginia,Small Forward,F,10.8,1.2,5.6,2.4,13.0,0.618,0.773,0.266,24.1,2.6,25.46,2019.0,-0.3,0.069,-2.1,4,/players/h/huntede01.html,https://www.sports-reference.com/cbb/players/deandre-hunter-1.html,Virginia,24.3,4.8,7.4,3.4,,0.2366288492706645,15.2,5.1,2.0,0.6,0.6,1.4,0.52,0.438,32.5,38.0
Darius Garland,2019,5,1,19.4,Vanderbilt,Point Guard,G,4.9,1.7,1.6,1.5,25.7,0.657,0.75,0.426,27.9,0.1,3.57,2019.0,1.475,0.09325,0.475,4,/players/g/garlada01.html,https://www.sports-reference.com/cbb/players/darius-garland-1.html,Vanderbilt,23.6,0.4,3.8,1.1,,0.14388489208633093,16.2,3.8,2.6,0.8,0.4,3.0,0.537,0.478,27.8,5.0
Jarrett Culver,2019,6,1,20.3,Texas Tech,Shooting Guard,G,11.6,2.7,5.6,2.2,26.1,0.542,0.687,0.292,32.2,3.5,22.79,2019.0,-0.3,0.0066666666666666,-5.066666666666666,3,/players/c/culveja01.html,https://www.sports-reference.com/cbb/players/jarrett-culver-1.html,Texas Tech,25.1,3.3,6.9,4.8,,0.2204213938411669,18.5,6.4,3.7,1.5,0.6,2.7,0.461,0.304,32.5,38.0
Coby White,2019,7,1,19.4,UNC,Shooting Guard,G,8.0,2.0,1.3,1.3,24.4,0.556,0.8,0.523,26.8,1.7,23.94,2019.0,0.3,0.071,-1.5,4,/players/w/whiteco01.html,https://www.sports-reference.com/cbb/players/coby-white-1.html,UNC,19.2,2.4,5.2,2.8,,0.16416416416416413,16.1,3.5,4.1,1.1,0.3,2.7,0.423,0.353,28.5,35.0
Jaxson Hayes,2019,8,1,19.1,Texas,Center,BIG,10.1,1.5,8.7,10.6,2.6,0.739,0.74,0.0,17.2,1.5,16.06,2019.0,0.375,0.15075,-0.575,4,/players/h/hayesja02.html,https://www.sports-reference.com/cbb/players/jaxson-hayes-1.html,Texas,27.0,2.8,4.6,5.5,,0.23025435073627842,10.0,5.0,0.3,0.6,2.2,0.9,0.728,,23.3,32.0
Rui Hachimura,2019,9,1,21.4,Gonzaga,Power Forward,BIG,9.4,1.7,5.9,2.4,9.1,0.639,0.746,0.077,28.1,2.7,27.79,2019.0,0.0,0.07425,-1.9,4,/players/h/hachiru01.html,https://www.sports-reference.com/cbb/players/rui-hachimura-1.html,Gonzaga,28.6,4.7,6.4,2.9,,0.26499552372426144,19.7,6.5,1.5,0.9,0.7,1.8,0.591,0.417,30.2,37.0
Cam Reddish,2019,10,1,19.8,Duke,Small Forward,F,4.5,2.9,2.0,1.9,10.7,0.499,0.772,0.618,25.3,2.2,26.9,2019.0,-0.175,0.037,-2.775,4,/players/r/reddica01.html,https://www.sports-reference.com/cbb/players/cam-reddish-1.html,Duke,13.6,0.8,1.3,3.2,,0.11225444340505145,13.5,3.7,1.9,1.6,0.6,2.7,0.356,0.333,29.7,36.0
Cameron Johnson,2019,11,1,23.3,UNC,Power Forward,BIG,5.1,1.6,2.9,1.3,12.4,0.586,0.798,0.65,18.2,1.3,,,1.3,0.121,1.375,4,/players/j/johnsca02.html,https://www.sports-reference.com/cbb/players/cameron-johnson-4.html,,24.9,4.3,9.4,3.5,,0.2304832713754647,16.9,5.8,2.4,1.2,0.3,1.5,0.506,0.457,29.9,36.0
P.J. Washington,2019,12,1,20.8,Kentucky,Power Forward,BIG,10.9,1.7,10.0,4.8,13.1,0.592,0.632,0.214,25.8,2.2,21.43,2019.0,0.45,0.06225,-1.1,4,/players/w/washipj01.html,https://www.sports-reference.com/cbb/players/pj-washington-1.html,Kentucky,26.0,3.5,6.9,4.0,,0.22265625,15.2,7.5,1.8,0.8,1.2,2.0,0.522,0.423,29.3,35.0
Tyler Herro,2019,13,1,19.4,Kentucky,Shooting Guard,G,8.9,2.0,1.6,1.1,15.0,0.58,0.935,0.419,21.4,2.1,21.43,2019.0,1.1,0.06825,0.1999999999999999,4,/players/h/herroty01.html,https://www.sports-reference.com/cbb/players/tyler-herro-1.html,Kentucky,19.4,3.3,5.1,3.8,,0.17895608947804476,14.0,4.5,2.5,1.1,0.3,1.6,0.462,0.355,32.6,37.0
Romeo Langford,2019,14,1,19.7,Indiana,Shooting Guard,G,6.5,1.3,4.8,2.7,14.2,0.542,0.722,0.316,26.1,1.6,13.82,2019.0,-0.1999999999999999,0.038,-3.4,3,/players/l/langfro01.html,https://www.sports-reference.com/cbb/players/romeo-langford-1.html,Indiana,19.9,2.4,4.6,1.9,,0.14678899082568808,16.5,5.4,2.3,0.8,0.8,2.1,0.448,0.272,34.1,32.0
Chuma Okeke,2019,16,1,20.9,Auburn,Power Forward,BIG,11.1,3.6,10.7,5.5,12.5,0.597,0.703,0.419,20.0,2.3,20.84,2019.0,0.2,0.0515,-1.65,4,/players/o/okekech01.html,https://www.sports-reference.com/cbb/players/chuma-okeke-1.html,Auburn,24.5,3.3,7.0,4.1,,0.19909502262443438,12.0,6.8,1.9,1.8,1.2,1.7,0.496,0.387,29.1,38.0
Nickeil Alexander-Walker,2019,17,1,20.8,Virginia Tech,Shooting Guard,G,8.9,3.4,1.8,2.3,24.6,0.586,0.763,0.387,26.5,2.5,19.28,2019.0,0.3,0.05175,-1.225,4,/players/a/alexani01.html,https://www.sports-reference.com/cbb/players/nickeil-alexander-walker-1.html,Virginia Tech,21.9,3.1,4.8,4.2,,0.18851756640959724,16.2,4.1,4.0,1.9,0.5,2.9,0.474,0.374,34.3,34.0
Matisse Thybulle,2019,20,1,22.3,Washington,Shooting Guard,G,11.6,6.7,3.0,8.4,13.5,0.542,0.782,0.559,17.2,3.1,12.01,2019.0,0.975,0.09175,0.775,4,/players/t/thybuma01.html,https://www.sports-reference.com/cbb/players/matisse-thybulle-1.html,Washington,19.9,1.3,2.7,8.9,,0.15384615384615385,9.1,3.1,2.1,3.5,2.3,1.8,0.415,0.305,31.1,36.0
Brandon Clarke,2019,21,1,22.8,Gonzaga,Power Forward,BIG,6.7,1.9,10.3,7.2,15.9,0.605,0.568,0.017,21.7,2.7,,,1.175,0.1725,2.3,4,/players/c/clarkbr01.html,https://www.sports-reference.com/cbb/players/brandon-clarke-1.html,,37.2,5.5,9.8,6.5,,0.3384615384615385,16.9,8.6,1.9,1.2,3.2,1.5,0.687,0.267,28.1,37.0
Grant Williams,2019,22,1,20.6,Tennessee,Power Forward,BIG,12.7,2.0,8.5,5.4,18.5,0.646,0.758,0.111,26.4,2.3,21.55,2019.0,0.125,0.0847499999999999,-1.95,4,/players/w/willigr01.html,https://www.sports-reference.com/cbb/players/grant-williams-1.html,Tennessee,30.6,5.6,8.6,4.2,,0.26756985605419137,18.8,7.5,3.2,1.1,1.5,2.2,0.564,0.326,31.9,37.0
Ty Jerome,2019,24,1,22.0,Virginia,Shooting Guard,G,11.5,3.0,1.8,0.1,32.6,0.555,0.788,0.484,23.4,2.9,25.46,2019.0,0.125,0.06875,-2.175,4,/players/j/jeromty01.html,https://www.sports-reference.com/cbb/players/ty-jerome-1.html,Virginia,22.9,4.3,6.8,4.6,,0.22929936305732485,13.6,4.2,5.5,1.5,0.0,1.6,0.435,0.399,33.9,37.0
Nassir Little,2019,25,1,19.4,UNC,Small Forward,F,5.1,1.5,9.2,3.3,6.4,0.549,0.77,0.19,25.2,1.2,23.94,2019.0,-0.075,0.066,-2.525,4,/players/l/littlna01.html,https://www.sports-reference.com/cbb/players/nassir-little-1.html,UNC,20.0,1.4,2.9,2.2,,0.16463414634146345,9.8,4.6,0.7,0.5,0.5,1.3,0.478,0.269,18.2,36.0
Dylan Windler,2019,26,1,22.8,Belmont,Small Forward,F,10.3,2.3,6.8,1.7,13.6,0.681,0.761,0.518,25.7,2.3,9.12,2019.0,0.025,0.1045,1.0,4,/players/w/windldy01.html,https://www.sports-reference.com/cbb/players/dylan-windler-1.html,Belmont,30.4,4.9,8.8,1.5,,0.2625341841385597,21.3,10.8,2.5,1.4,0.6,2.1,0.54,0.429,33.2,33.0
Mfiondu Kabengele,2019,27,1,21.9,Florida State,Power Forward,BIG,9.6,1.5,11.5,8.3,3.2,0.593,0.724,0.199,28.5,1.8,15.42,2019.0,-0.15,0.0465,-6.6,2,/players/k/kabenmf01.html,https://www.sports-reference.com/cbb/players/mfiondu-kabengele-1.html,Florida St.,28.9,3.0,6.1,3.4,,0.24060150375939848,13.2,5.9,0.3,0.6,1.5,1.3,0.502,0.369,21.6,37.0
Jordan Poole,2019,28,1,20.0,Michigan,Shooting Guard,G,7.2,2.0,0.8,0.7,13.0,0.573,0.831,0.55,20.9,2.7,21.82,2019.0,0.25,0.0675,-1.325,4,/players/p/poolejo01.html,https://www.sports-reference.com/cbb/players/jordan-poole-1.html,Michigan,16.0,2.2,3.0,4.2,,0.16013071895424838,12.8,3.0,2.2,1.1,0.2,1.5,0.436,0.369,33.1,37.0
Keldon Johnson,2019,29,1,19.7,Kentucky,Small Forward,F,6.7,1.5,5.5,0.6,10.4,0.558,0.703,0.316,22.7,2.0,21.43,2019.0,0.35,0.06975,-1.4,4,/players/j/johnske04.html,https://www.sports-reference.com/cbb/players/keldon-johnson-1.html,Kentucky,18.5,2.9,4.1,2.6,,0.17238346525945472,13.5,5.9,1.6,0.8,0.2,1.6,0.461,0.381,30.7,37.0
Kevin Porter Jr.,2019,30,1,19.1,USC,"Shooting Guard, Point Guard,",G,3.3,2.1,4.8,2.6,12.0,0.559,0.522,0.433,23.3,0.7,8.23,2019.0,0.4000000000000001,0.0296666666666666,-1.5,3,/players/p/porteke02.html,https://www.sports-reference.com/cbb/players/kevin-porterjr-1.html,USC,16.2,0.5,1.8,1.5,,0.10344827586206896,9.5,4.0,1.4,0.8,0.5,1.9,0.471,0.412,22.1,21.0
Nic Claxton,2019,31,2,20.2,Georgia,Center,BIG,5.5,1.9,8.4,8.0,12.2,0.533,0.611,0.215,22.1,1.7,5.31,2019.0,1.4,0.16775,1.3,4,/players/c/claxtni01.html,https://www.sports-reference.com/cbb/players/nicolas-claxton-1.html,Georgia,21.2,1.8,2.3,3.2,,0.1384767556874382,13.0,8.6,1.8,1.1,2.5,2.1,0.46,0.281,31.6,32.0
KZ Okpala,2019,32,2,20.2,Stanford,Power Forward,BIG,3.2,1.7,4.1,1.4,13.0,0.543,0.674,0.237,27.3,1.4,6.03,2019.0,-0.2666666666666666,0.0563333333333333,-4.366666666666666,3,/players/o/okpalkz01.html,https://www.sports-reference.com/cbb/players/kezie-okpala-1.html,Stanford,18.1,1.5,2.0,1.2,,0.12223393045310853,16.8,5.7,2.0,1.0,0.5,2.9,0.463,0.368,32.7,29.0
Carsen Edwards,2019,33,2,21.3,Purdue,Shooting Guard,G,8.5,2.3,1.3,1.0,18.3,0.541,0.817,0.541,37.3,1.6,21.4,2019.0,-0.15,-0.012,-6.9,2,/players/e/edwarca01.html,https://www.sports-reference.com/cbb/players/carsen-edwards-1.html,Purdue,23.2,4.0,7.5,1.0,,0.1756862745098039,24.3,3.6,2.9,1.3,0.3,3.1,0.394,0.355,35.4,36.0
Bruno Fernando,2019,34,2,20.9,Maryland,Center,BIG,10.0,1.3,12.0,7.0,14.4,0.653,0.763,0.035,22.6,2.4,16.01,2019.0,-0.075,0.08325,-2.725,4,/players/f/fernabr01.html,https://www.sports-reference.com/cbb/players/bruno-fernando-1.html,Maryland,27.2,3.1,5.1,4.9,,0.21155729676787466,13.6,10.6,2.0,0.6,1.9,2.8,0.607,0.3,30.0,34.0
Cody Martin,2019,36,2,23.7,Nevada,Small Forward,F,7.3,2.4,4.6,3.4,24.9,0.579,0.725,0.217,18.9,4.4,,,0.0749999999999999,0.04875,-2.65,4,/players/m/martico01.html,https://www.sports-reference.com/cbb/players/cody-martin-1.html,,19.1,3.1,3.5,3.5,,0.18445772843723315,12.1,4.5,4.9,1.4,0.7,1.9,0.505,0.358,34.4,34.0
Daniel Gafford,2019,38,2,20.7,Arkansas,Center,BIG,8.3,1.8,11.1,8.7,6.0,0.652,0.562,0.0,26.0,1.8,11.75,2019.0,1.35,0.199,1.85,4,/players/g/gaffoda01.html,https://www.sports-reference.com/cbb/players/daniel-gafford-1.html,Arkansas,28.7,2.8,5.7,2.6,,0.2002176278563656,16.9,8.7,0.7,0.9,2.0,2.4,0.66,,28.7,32.0
Justin James,2019,40,2,22.4,Wyoming,Small Forward,F,2.7,2.2,3.2,1.7,33.0,0.515,0.731,0.303,35.6,1.5,-9.75,2019.0,-0.2,0.02,-4.3,1,/players/j/jamesju01.html,https://www.sports-reference.com/cbb/players/justin-james-2.html,Wyoming,21.5,1.5,2.9,-0.2,,0.095004095004095,22.1,8.5,4.4,1.5,0.6,4.2,0.409,0.296,38.2,32.0
Eric Paschall,2019,41,2,22.6,Villanova,Power Forward,BIG,5.4,1.5,6.5,2.1,10.6,0.593,0.756,0.411,20.4,4.7,,,0.0999999999999999,0.0945,-1.6,2,/players/p/pascher01.html,https://www.sports-reference.com/cbb/players/eric-paschall-1.html,,19.0,3.2,3.8,1.0,,0.1445042275172944,16.5,6.1,2.1,0.7,0.5,2.3,0.447,0.348,36.1,36.0
Admiral Schofield,2019,42,2,22.2,Tennessee,Power Forward,BIG,6.3,1.6,4.5,1.7,12.0,0.562,0.763,0.353,26.2,1.9,21.55,2019.0,-0.2,0.0406666666666666,-4.4,3,/players/s/schofad01.html,https://www.sports-reference.com/cbb/players/admiral-schofield-1.html,Tennessee,20.1,2.7,4.7,1.6,,0.15659574468085105,16.5,6.1,2.0,0.9,0.5,1.9,0.474,0.418,31.8,37.0
Jaylen Nowell,2019,43,2,20.0,Washington,Shooting Guard,G,4.9,2.2,3.5,0.8,20.8,0.592,0.789,0.267,25.3,2.1,12.01,2019.0,0.0249999999999999,0.061,-2.475,4,/players/n/nowelja01.html,https://www.sports-reference.com/cbb/players/jaylen-nowell-1.html,Washington,20.3,2.9,3.3,1.6,,0.16129032258064516,16.2,5.3,3.1,1.3,0.3,2.9,0.502,0.44,34.4,36.0
Bol Bol,2019,44,2,19.6,Oregon,Power Forward,BIG,13.0,1.6,8.7,12.4,9.6,0.632,0.757,0.189,33.4,0.8,13.95,2019.0,0.2,0.07525,-0.975,4,/players/b/bolbo01.html,https://www.sports-reference.com/cbb/players/bol-bol-1.html,Oregon,37.5,1.1,9.1,3.9,,0.26865671641791045,21.0,9.6,1.0,0.8,2.7,2.0,0.561,0.52,29.8,9.0
Isaiah Roby,2019,45,2,21.4,Nebraska,Power Forward,BIG,6.7,2.4,6.6,6.4,12.5,0.532,0.702,0.258,21.6,2.2,14.85,2019.0,-0.0666666666666666,0.0596666666666666,-2.433333333333333,3,/players/r/robyis01.html,https://www.sports-reference.com/cbb/players/isaiah-roby-1.html,Nebraska,19.7,1.7,2.9,3.8,,0.13906678865507777,11.8,6.9,1.9,1.3,1.9,2.0,0.454,0.333,31.2,35.0
Talen Horton-Tucker,2019,46,2,18.6,Iowa State,Shooting Guard,G,4.2,2.8,2.9,2.7,16.2,0.488,0.625,0.416,26.2,1.7,14.27,2019.0,0.05,0.04475,-1.825,4,/players/h/hortota01.html,https://www.sports-reference.com/cbb/players/talen-horton-tucker-1.html,Iowa St.,17.2,1.0,1.7,2.5,,0.1134453781512605,11.8,4.9,2.3,1.3,0.7,1.7,0.406,0.308,27.2,35.0
Ignas Brazdeikis,2019,47,2,20.5,Michigan,Small Forward,F,8.9,1.5,4.6,1.7,6.1,0.573,0.773,0.351,26.1,2.7,21.82,2019.0,-0.25,0.0285,-4.8,2,/players/b/brazdig01.html,https://www.sports-reference.com/cbb/players/ignas-brazdeikis-1.html,Michigan,21.4,2.8,5.3,3.7,,0.20072992700729927,14.8,5.4,0.8,0.7,0.5,1.2,0.462,0.392,29.6,37.0
Terance Mann,2019,48,2,22.7,Florida State,Shooting Guard,G,7.7,1.2,9.1,1.2,15.6,0.603,0.67,0.265,17.5,1.9,15.42,2019.0,0.6,0.11775,-0.625,4,/players/m/mannte01.html,https://www.sports-reference.com/cbb/players/terance-mann-1.html,Florida St.,18.9,3.2,4.9,2.8,,0.17376490630323677,11.4,6.5,2.5,0.7,0.3,1.8,0.505,0.39,31.7,37.0
Quinndary Weatherspoon,2019,49,2,22.8,Mississippi State,Shooting Guard,G,8.1,2.9,4.7,1.0,16.6,0.622,0.788,0.332,26.1,1.4,-14.57,2019.0,-0.05,0.0854999999999999,-4.7,2,/players/w/weathqu01.html,https://www.sports-reference.com/cbb/players/quinndary-weatherspoon-1.html,Miss. St.,24.0,4.0,6.0,2.1,,0.18668971477960242,18.5,4.7,2.8,1.7,0.3,2.9,0.508,0.396,34.0,34.0
Jarrell Brantley,2019,50,2,23.0,College of Charleston,Power Forward,BIG,5.1,2.5,6.6,3.3,15.9,0.598,0.768,0.253,30.0,1.9,-2.43,2019.0,0.1,0.1659999999999999,2.85,2,/players/b/brantja01.html,https://www.sports-reference.com/cbb/players/jarrell-brantley-1.html,Charleston,28.2,3.9,4.2,0.9,,0.20695807314897413,19.4,8.4,2.4,1.4,0.9,2.6,0.517,0.328,34.0,33.0
Tremont Waters,2019,51,2,21.5,LSU,Point Guard,G,8.9,5.1,1.1,0.4,34.0,0.547,0.807,0.428,25.7,1.7,16.5,2019.0,0.0,0.019,-3.7,2,/players/w/watertr01.html,https://www.sports-reference.com/cbb/players/tremont-waters-1.html,LSU,21.8,2.4,5.2,3.7,,0.15700934579439252,15.3,2.8,5.8,2.9,0.1,3.5,0.43,0.327,32.4,33.0
Jalen McDaniels,2019,52,2,21.4,San Diego State,Small Forward,F,3.3,2.1,7.3,1.8,16.2,0.525,0.758,0.165,28.7,2.2,6.12,2019.0,-0.375,0.03725,-4.15,4,/players/m/mcdanja01.html,https://www.sports-reference.com/cbb/players/jalen-mcdaniels-1.html,San Diego St.,20.7,1.8,1.7,1.6,,0.15165876777251186,15.9,8.3,2.1,1.1,0.5,2.4,0.466,0.32,31.0,34.0
Justin Wright-Foreman,2019,53,2,21.7,Hofstra,Point Guard,G,6.0,1.3,1.2,0.6,17.4,0.637,0.811,0.401,33.0,1.0,4.68,2019.0,0.0,0.0,0.0,0,/players/w/wrighju02.html,https://www.sports-reference.com/cbb/players/justin-wright-foreman-1.html,Hofstra,28.9,6.3,7.9,-1.9,,0.22407267221801666,27.1,4.0,2.9,0.9,0.2,2.6,0.511,0.425,37.7,35.0
Marial Shayok,2019,54,2,23.9,Iowa State,Shooting Guard,G,5.9,2.3,2.2,1.9,12.7,0.522,0.688,0.291,21.6,3.9,,,0.0,0.0,0.0,0,/players/s/shayoma01.html,https://www.sports-reference.com/cbb/players/marial-shayok-1.html,,22.5,3.3,5.8,0.6,,0.16815742397137748,18.7,4.9,2.0,0.9,0.2,2.7,0.496,0.386,32.9,34.0
Kyle Guy,2019,55,2,21.9,Virginia,Shooting Guard,G,10.2,1.3,2.7,0.2,11.9,0.609,0.806,0.639,22.7,2.6,25.46,2019.0,-0.15,0.01,-4.6,2,/players/g/guyky01.html,https://www.sports-reference.com/cbb/players/kyle-guy-1.html,Virginia,20.4,4.2,7.6,2.6,,0.20223048327137547,15.4,4.5,2.1,0.7,0.1,1.4,0.449,0.426,35.4,38.0
Jaylen Hands,2019,56,2,,UCLA,,F,4.6,2.3,1.3,0.5,36.5,0.537,0.762,0.462,24.6,1.0,7.17,2019.0,0.0,0.0,0.0,0,/players/h/handsja01.html,https://www.sports-reference.com/cbb/players/jaylen-hands-1.html,UCLA,18.5,2.0,4.1,0.5,,0.11661807580174927,14.2,3.7,6.1,1.3,0.2,3.2,0.413,0.373,31.2,33.0
Jordan Bone,2019,57,2,21.6,Tennessee,Point Guard,G,6.0,1.2,1.9,0.4,30.3,0.562,0.817,0.353,21.3,1.3,21.55,2019.0,-0.1,0.045,-4.2,1,/players/b/bonejo01.html,https://www.sports-reference.com/cbb/players/jordan-bone-1.html,Tennessee,18.9,3.5,5.3,0.8,,0.1575061525840853,13.5,3.2,5.8,0.7,0.1,2.0,0.465,0.355,32.9,37.0
Miye Oni,2019,58,2,21.9,Yale,Shooting Guard,G,4.2,1.6,2.6,4.3,20.9,0.561,0.777,0.398,28.4,1.6,5.52,2019.0,-0.05,0.0245,-4.8,2,/players/o/onimi01.html,https://www.sports-reference.com/cbb/players/miye-oni-1.html,Yale,22.0,2.1,3.3,0.9,,0.1648106904231626,17.1,6.3,3.6,0.9,1.3,2.6,0.441,0.371,31.0,29.0
Dewan Hernandez,2019,59,2,22.5,Miami (FL),Center,BIG,4.5,1.1,9.3,4.1,3.4,0.6,0.675,0.012,21.7,1.5,9.39,2018.0,0.0,0.0,0.0,0,/players/h/hernade01.html,https://www.sports-reference.com/cbb/players/dewan-huell-1.html,Miami (FL),22.1,2.0,2.7,1.8,,0.1696969696969697,11.4,6.7,0.4,0.5,1.0,1.4,0.576,0.0,25.8,32.0
Anthony Edwards,2020,1,1,18.9,Georgia,Shooting Guard,G,5.5,2.3,2.5,1.7,17.9,0.52,0.772,0.485,30.4,1.1,8.28,2020.0,3.1,0.1045,2.45,4,/players/e/edwaran01.html,https://www.sports-reference.com/cbb/players/anthony-edwards-2.html,Georgia,20.8,2.5,4.8,0.7,,0.13623462630085145,19.1,5.2,2.8,1.3,0.6,2.7,0.402,0.294,33.0,32.0
James Wiseman,2020,2,1,19.2,Memphis,Center,BIG,18.0,0.8,21.8,13.6,4.4,0.76,0.704,0.038,29.1,0.2,12.16,2020.0,-0.2333333333333333,0.1359999999999999,-1.8,3,/players/w/wisemja01.html,https://www.sports-reference.com/cbb/players/james-wiseman-1.html,Memphis,52.7,0.5,13.1,4.9,,0.40579710144927533,19.7,10.7,0.3,0.3,3.0,1.0,0.769,0.0,23.0,3.0
Patrick Williams,2020,4,1,18.8,Florida State,Power Forward,BIG,5.5,2.5,6.9,5.6,8.4,0.553,0.838,0.242,22.2,1.3,14.94,2020.0,-0.0999999999999999,0.05775,-2.2,4,/players/w/willipa01.html,https://www.sports-reference.com/cbb/players/patrick-williams-2.html,Florida St.,19.4,1.2,2.3,3.2,,0.1531393568147014,9.2,4.0,1.0,1.0,1.0,1.7,0.459,0.32,22.5,29.0
Isaac Okoro,2020,5,1,19.4,Auburn,Shooting Guard,G,6.3,1.7,6.4,3.1,13.1,0.587,0.672,0.288,19.6,1.1,15.04,2020.0,0.4,0.1115,-0.9,4,/players/o/okorois01.html,https://www.sports-reference.com/cbb/players/isaac-okoro-1.html,Auburn,19.1,2.3,3.8,2.5,,0.1543700340522134,12.9,4.4,2.0,0.9,0.9,2.0,0.514,0.286,31.5,28.0
Onyeka Okongwu,2020,6,1,19.5,USC,Center,BIG,11.6,2.3,12.4,9.8,8.4,0.645,0.72,0.014,23.6,2.1,11.51,2020.0,1.05,0.177,0.625,4,/players/o/okongon01.html,https://www.sports-reference.com/cbb/players/onyeka-okongwu-1.html,USC,31.1,3.2,6.7,4.9,,0.2517482517482518,16.2,8.6,1.1,1.2,2.7,2.0,0.616,0.25,30.6,28.0
Obi Toppin,2020,8,1,22.3,Dayton,Power Forward,BIG,12.3,1.8,5.2,4.1,14.5,0.684,0.706,0.212,28.1,2.3,19.17,2020.0,1.125,0.12875,1.175,4,/players/t/toppiob01.html,https://www.sports-reference.com/cbb/players/obadiah-toppin-1.html,Dayton,32.5,4.5,9.0,3.3,,0.27726809378185524,20.0,7.5,2.2,1.0,1.2,2.2,0.633,0.39,31.6,31.0
Jalen Smith,2020,10,1,20.3,Maryland,Center,BIG,12.0,1.3,11.5,8.2,6.0,0.626,0.709,0.279,22.8,2.4,17.82,2020.0,0.5499999999999999,0.1394999999999999,0.1749999999999999,4,/players/s/smithja04.html,https://www.sports-reference.com/cbb/players/jalen-smith-1.html,Maryland,29.3,3.6,7.7,4.3,,0.24742268041237114,15.5,10.5,0.8,0.7,2.4,1.7,0.538,0.368,31.3,31.0
Devin Vassell,2020,11,1,19.8,Florida State,Shooting Guard,G,10.9,2.8,5.3,4.1,11.2,0.585,0.72,0.361,20.0,1.7,14.94,2020.0,0.725,0.066,-0.3,4,/players/v/vassede01.html,https://www.sports-reference.com/cbb/players/devin-vassell-1.html,Florida St.,23.8,3.0,6.7,4.2,,0.21784472769409038,12.7,5.1,1.6,1.4,1.0,0.8,0.49,0.415,28.8,30.0
Tyrese Haliburton,2020,12,1,20.3,Iowa State,Point Guard,G,11.7,3.8,4.6,2.0,35.3,0.631,0.775,0.508,20.1,1.0,16.07,2020.0,4.3500000000000005,0.17975,5.625,4,/players/h/halibty01.html,https://www.sports-reference.com/cbb/players/tyrese-haliburton-1.html,Iowa St.,25.9,2.7,8.0,3.7,,0.18835192069392812,15.2,5.9,6.5,2.5,0.7,2.8,0.504,0.419,36.7,22.0
Kira Lewis Jr.,2020,13,1,19.2,Alabama,Point Guard,G,5.5,2.5,2.3,1.5,27.7,0.56,0.793,0.341,24.3,1.2,11.12,2020.0,-0.1333333333333333,0.0333333333333333,-3.3666666666666667,3,/players/l/lewiski01.html,https://www.sports-reference.com/cbb/players/kira-lewisjr-1.html,Alabama,19.8,2.9,3.7,1.7,,0.1405312767780634,18.5,4.8,5.2,1.8,0.6,3.5,0.459,0.366,37.6,31.0
Aaron Nesmith,2020,14,1,20.7,Vanderbilt,Small Forward,F,9.7,2.3,2.5,2.6,6.9,0.685,0.825,0.561,26.3,0.4,3.16,2020.0,0.125,0.0785,-2.075,4,/players/n/nesmiaa01.html,https://www.sports-reference.com/cbb/players/aaron-nesmith-1.html,Vanderbilt,29.0,2.2,9.3,0.4,,0.20800000000000002,23.0,4.9,0.9,1.4,0.9,1.7,0.512,0.522,35.7,14.0
Cole Anthony,2020,15,1,20.1,UNC,Point Guard,G,5.1,2.1,1.4,0.9,24.1,0.501,0.75,0.409,30.0,0.9,9.45,2020.0,0.85,0.082,0.075,4,/players/a/anthoco01.html,https://www.sports-reference.com/cbb/players/cole-anthony-1.html,UNC,17.5,1.2,3.3,1.8,,0.10937500000000001,18.5,5.7,4.0,1.3,0.3,3.5,0.38,0.348,34.9,22.0
Isaiah Stewart,2020,16,1,19.1,Washington,Center,BIG,7.4,0.9,10.7,7.0,6.3,0.629,0.774,0.059,24.5,2.0,12.41,2020.0,0.05,0.08975,-1.775,4,/players/s/stewais01.html,https://www.sports-reference.com/cbb/players/isaiah-stewart-2.html,Washington,26.9,3.7,5.0,2.4,,0.22114451988360817,17.0,8.8,0.8,0.5,2.1,2.2,0.57,0.25,32.2,32.0
Josh Green,2020,18,1,19.6,Arizona,Shooting Guard,G,6.9,2.8,4.8,1.6,16.0,0.528,0.78,0.288,20.7,1.9,19.49,2020.0,-0.325,0.07525,-2.6,4,/players/g/greenjo02.html,https://www.sports-reference.com/cbb/players/josh-green-2.html,Arizona,17.9,2.0,2.8,4.1,,0.16414686825053995,12.0,4.6,2.6,1.5,0.4,1.6,0.424,0.361,30.9,30.0
Saddiq Bey,2020,19,1,21.2,Villanova,Small Forward,F,8.1,1.4,4.5,1.1,14.9,0.608,0.728,0.477,22.8,1.4,16.84,2020.0,0.7333333333333334,0.0796666666666666,-0.7999999999999999,3,/players/b/beysa01.html,https://www.sports-reference.com/cbb/players/saddiq-bey-1.html,Villanova,21.6,3.6,6.2,1.9,,0.18648905803996196,16.1,4.7,2.4,0.8,0.4,1.5,0.477,0.451,33.9,31.0
Precious Achiuwa,2020,20,1,20.8,Memphis,Center,BIG,5.8,2.0,11.4,6.4,7.5,0.534,0.599,0.108,27.7,2.9,12.16,2020.0,-0.025,0.09,-2.05,4,/players/a/achiupr01.html,https://www.sports-reference.com/cbb/players/precious-achiuwa-1.html,Memphis,23.3,1.5,2.5,3.4,,0.18663838812301167,15.8,10.8,1.0,1.1,1.9,2.8,0.493,0.325,30.4,31.0
Tyrese Maxey,2020,21,1,19.6,Kentucky,Point Guard,G,4.4,1.5,1.4,1.3,18.7,0.531,0.833,0.322,22.7,1.5,15.78,2020.0,2.125,0.12525,1.575,4,/players/m/maxeyty01.html,https://www.sports-reference.com/cbb/players/tyrese-maxey-1.html,Kentucky,16.3,2.1,2.4,2.0,,0.13470533208606172,14.0,4.3,3.2,0.9,0.4,2.2,0.427,0.292,34.5,31.0
Zeke Nnaji,2020,22,1,19.5,Arizona,Power Forward,BIG,8.0,1.3,11.5,3.3,5.8,0.63,0.76,0.054,24.1,2.1,19.49,2020.0,-0.1,0.10625,-2.725,4,/players/n/nnajize01.html,https://www.sports-reference.com/cbb/players/zeke-nnaji-1.html,Arizona,25.7,3.5,5.6,2.3,,0.22833843017329256,16.1,8.6,0.8,0.7,0.9,2.2,0.57,0.294,30.7,32.0
Immanuel Quickley,2020,25,1,21.0,Kentucky,Point Guard,G,7.3,1.6,2.1,0.5,11.4,0.595,0.895,0.438,23.4,1.4,15.78,2020.0,1.45,0.12325,1.35,4,/players/q/quickim01.html,https://www.sports-reference.com/cbb/players/immanuel-quickley-1.html,Kentucky,20.4,3.4,5.3,2.0,,0.1941354903943377,16.1,4.2,1.9,0.9,0.1,1.6,0.417,0.428,33.0,30.0
Payton Pritchard,2020,26,1,22.4,Oregon,Point Guard,G,11.1,2.5,2.3,0.1,31.5,0.601,0.8,0.459,28.2,1.4,18.22,2020.0,1.35,0.134,0.7250000000000001,4,/players/p/pritcpa01.html,https://www.sports-reference.com/cbb/players/payton-pritchard-1.html,Oregon,27.1,5.3,9.2,1.9,,0.23612334801762117,20.5,4.3,5.5,1.5,0.0,2.7,0.468,0.415,36.6,31.0
Udoka Azubuike,2020,27,1,20.8,Kansas,Center,BIG,12.4,1.0,15.3,10.9,7.1,0.685,0.416,0.0,22.9,2.6,24.96,2020.0,0.0333333333333333,0.1303333333333333,-1.7333333333333334,3,/players/a/azubuud01.html,https://www.sports-reference.com/cbb/players/udoka-azubuike-1.html,Kansas,31.3,2.9,7.2,5.2,,0.25611175785797435,13.7,10.5,0.9,0.5,2.6,2.5,0.748,,27.7,31.0
Jaden McDaniels,2020,28,1,19.7,Washington,Power Forward,BIG,2.6,1.4,4.4,4.9,14.6,0.515,0.763,0.378,25.6,1.7,12.41,2020.0,0.3,0.086,-1.675,4,/players/m/mcdanja02.html,https://www.sports-reference.com/cbb/players/jaden-mcdaniels-1.html,Washington,14.6,0.6,0.3,2.2,,0.09553478712357216,13.0,5.8,2.1,0.8,1.4,3.2,0.405,0.339,31.1,31.0
Malachi Flynn,2020,29,1,22.1,San Diego State,Point Guard,G,1.1,2.0,1.8,0.2,21.4,0.544,0.81,0.577,21.7,0.9,,,-0.075,0.0495,-2.65,4,/players/f/flynnma01.html,https://www.sports-reference.com/cbb/players/malachi-flynn-1.html,,27.7,4.9,7.6,4.1,,0.2766355140186916,17.6,4.5,5.1,1.8,0.1,1.8,0.441,0.373,33.4,32.0
Desmond Bane,2020,30,1,22.0,TCU,Shooting Guard,G,9.8,2.5,4.6,1.6,26.0,0.573,0.804,0.477,24.4,1.9,9.86,2020.0,2.45,0.1369999999999999,3.05,4,/players/b/banede01.html,https://www.sports-reference.com/cbb/players/desmond-bane-1.html,TCU,22.6,3.4,7.1,2.6,,0.18402777777777776,16.6,6.3,3.9,1.5,0.5,2.3,0.452,0.442,36.0,32.0
Tyrell Terry,2020,31,2,19.7,Stanford,Point Guard,G,6.1,2.5,1.4,0.2,20.3,0.589,0.891,0.456,24.5,2.3,13.35,2020.0,0.0,0.222,-1.0,1,/players/t/terryty01.html,https://www.sports-reference.com/cbb/players/tyrell-terry-1.html,Stanford,19.3,2.3,3.4,2.7,,0.1782178217821782,14.6,4.5,3.2,1.4,0.1,2.6,0.441,0.408,32.6,31.0
Vernon Carey Jr.,2020,32,2,19.3,Duke,Center,BIG,11.3,1.6,12.0,5.8,8.2,0.615,0.67,0.061,31.0,2.0,22.55,2020.0,-0.05,0.041,-6.25,2,/players/c/careyve01.html,https://www.sports-reference.com/cbb/players/vernon-careyjr-1.html,Duke,34.1,3.6,7.9,3.4,,0.29015544041450775,17.8,8.8,1.0,0.7,1.6,2.0,0.577,0.381,24.9,31.0
Daniel Oturu,2020,33,2,20.8,Minnesota,Center,BIG,11.1,1.0,12.0,7.1,7.9,0.612,0.671,0.123,28.8,2.2,16.39,2020.0,0.0,0.121,-5.2,1,/players/o/oturuda01.html,https://www.sports-reference.com/cbb/players/daniel-oturu-1.html,Minnesota,30.7,3.7,7.7,3.4,,0.22476190476190477,20.1,11.3,1.1,0.5,2.5,2.8,0.563,0.365,33.9,31.0
Xavier Tillman Sr.,2020,35,2,21.5,Michigan State,Center,BIG,12.6,2.1,9.9,6.9,18.1,0.593,0.695,0.167,21.0,2.7,17.94,2020.0,0.375,0.0765,-1.6749999999999998,4,/players/t/tillmxa01.html,https://www.sports-reference.com/cbb/players/xavier-tillman-1.html,Michigan St.,26.5,3.1,6.3,6.2,,0.23316582914572864,13.7,10.3,3.0,1.2,2.1,2.0,0.55,0.26,32.1,31.0
Tyler Bey,2020,36,2,22.4,Colorado,Small Forward,F,10.1,3.1,8.4,4.2,11.5,0.611,0.747,0.117,24.4,2.5,14.91,2020.0,0.0,0.0,0.0,0,/players/b/beyty01.html,https://www.sports-reference.com/cbb/players/tyler-bey-1.html,Colorado,26.7,2.6,5.2,5.0,,0.22717149220489977,13.8,9.0,1.5,1.5,1.2,2.4,0.53,0.419,29.0,31.0
Saben Lee,2020,38,2,21.0,Vanderbilt,Point Guard,G,5.3,2.7,1.9,0.9,31.9,0.58,0.718,0.292,29.4,0.7,3.16,2020.0,0.0666666666666666,0.0866666666666666,-1.2,3,/players/l/leesa01.html,https://www.sports-reference.com/cbb/players/saben-lee-1.html,Vanderbilt,24.3,3.4,4.9,0.4,,0.1520912547528517,18.6,3.5,4.2,1.5,0.3,3.1,0.483,0.322,32.9,32.0
Elijah Hughes,2020,39,2,22.3,Syracuse,Shooting Guard,G,7.0,2.0,1.8,3.2,15.2,0.562,0.788,0.557,24.3,3.1,,,-0.5,-0.043,-6.9,1,/players/h/hugheel01.html,https://www.sports-reference.com/cbb/players/elijah-hughes-1.html,,22.1,3.5,6.1,1.2,,0.16340425531914893,19.0,4.9,3.4,1.2,0.8,2.3,0.427,0.342,36.7,32.0
Robert Woodard II,2020,40,2,20.8,Mississippi State,Small Forward,F,6.0,2.0,8.2,3.4,7.6,0.564,0.617,0.255,18.2,1.3,-9.56,2020.0,-0.1,-0.147,-10.4,1,/players/w/woodaro01.html,https://www.sports-reference.com/cbb/players/robert-woodard-2.html,Miss. St.,18.1,2.0,4.1,1.9,,0.12878048780487805,11.4,6.5,1.3,1.1,1.0,1.9,0.495,0.429,33.1,31.0
Tre Jones,2020,41,2,20.5,Duke,Point Guard,G,8.2,2.8,2.1,0.9,31.4,0.524,0.767,0.282,24.0,2.0,22.55,2020.0,0.65,0.11725,-0.1,4,/players/j/jonestr01.html,https://www.sports-reference.com/cbb/players/tre-jones-1.html,Duke,21.2,3.0,5.1,3.1,,0.1906614785992218,16.2,4.2,6.4,1.8,0.3,2.7,0.423,0.361,35.4,29.0
Nick Richards,2020,42,2,22.6,Kentucky,Center,BIG,7.0,0.2,11.3,8.0,1.7,0.674,0.728,0.0,20.7,1.6,15.78,2020.0,-0.1,0.136,-2.425,4,/players/r/richani01.html,https://www.sports-reference.com/cbb/players/nick-richards-2.html,Kentucky,25.8,3.4,4.6,2.4,,0.22198041349292708,14.0,7.8,0.2,0.1,2.1,1.6,0.642,,29.6,31.0
Jahmi'us Ramsey,2020,43,2,19.0,Texas Tech,Shooting Guard,G,6.7,2.5,3.0,2.5,16.1,0.546,0.641,0.421,26.2,1.7,16.83,2020.0,-0.15,-0.0135,-5.65,2,/players/r/ramseja01.html,https://www.sports-reference.com/cbb/players/jahmius-ramsey-1.html,Texas Tech,19.1,1.6,4.3,2.4,,0.15676959619952494,15.0,4.0,2.2,1.3,0.7,2.0,0.442,0.426,31.2,27.0
Jordan Nwora,2020,45,2,21.8,Louisville,Small Forward,F,8.2,1.3,6.0,0.9,8.4,0.568,0.785,0.44,27.8,2.0,17.94,2020.0,-0.2333333333333333,0.0396666666666666,-2.9,3,/players/n/nworajo01.html,https://www.sports-reference.com/cbb/players/jordan-nwora-1.html,Louisville,22.6,3.2,6.3,1.9,,0.202729044834308,18.0,7.7,1.3,0.7,0.3,2.1,0.44,0.402,33.1,31.0
CJ Elleby,2020,46,2,20.0,Washington State,Small Forward,F,7.6,2.9,3.8,2.5,13.5,0.519,0.749,0.438,29.2,2.2,12.41,2020.0,-1.0,0.016,-5.3,1,/players/e/ellebcj01.html,https://www.sports-reference.com/cbb/players/cj-elleby-1.html,Washington St.,22.5,2.3,4.7,2.8,,0.16853932584269662,18.4,7.8,1.9,1.8,0.8,2.2,0.396,0.339,33.4,32.0
Nico Mannion,2020,48,2,19.3,Arizona,Point Guard,G,5.4,2.1,0.9,0.0,31.5,0.52,0.797,0.441,24.5,1.7,19.49,2020.0,0.0,0.0,0.0,0,/players/m/mannini01.html,https://www.sports-reference.com/cbb/players/nico-mannion-1.html,Arizona,17.2,2.2,3.6,1.8,,0.1511627906976744,14.0,2.5,5.3,1.2,0.0,2.6,0.392,0.327,32.3,32.0
Isaiah Joe,2020,49,2,21.0,Arkansas,Shooting Guard,G,5.3,2.2,1.7,0.8,10.0,0.544,0.827,0.764,24.2,1.4,13.46,2020.0,0.75,0.10875,-0.3749999999999999,4,/players/j/joeis01.html,https://www.sports-reference.com/cbb/players/isaiah-joe-1.html,Arkansas,17.5,1.8,4.0,1.2,,0.13631522896698617,16.9,4.1,1.7,1.4,0.3,1.7,0.367,0.342,36.1,26.0
Skylar Mays,2020,50,2,22.8,LSU,Shooting Guard,G,8.3,2.9,1.6,0.7,17.0,0.622,0.845,0.369,22.0,1.2,14.43,2020.0,0.0333333333333333,0.092,-1.3333333333333333,3,/players/m/mayssk01.html,https://www.sports-reference.com/cbb/players/skylar-mays-1.html,LSU,23.7,3.9,5.8,2.5,,0.19119025304592313,16.7,5.0,3.2,1.8,0.2,2.3,0.491,0.394,34.4,31.0
Justinian Jessup,2020,51,2,,Boise State,,F,7.2,2.2,3.2,1.5,12.0,0.584,0.831,0.611,21.1,1.8,-9.56,2020.0,0.0,0.0,0.0,0,/players/j/jessuju01.html,https://www.sports-reference.com/cbb/players/justinian-jessup-1.html,Boise St.,20.1,3.4,5.4,1.8,,0.18071242397914858,16.0,4.4,2.1,1.4,0.5,1.3,0.426,0.397,36.0,32.0
Cassius Winston,2020,53,2,22.3,Michigan State,Point Guard,G,8.9,2.1,0.7,0.1,36.5,0.585,0.845,0.409,29.1,1.5,17.94,2020.0,-0.1,0.015,-9.3,1,/players/w/winstca01.html,https://www.sports-reference.com/cbb/players/cassius-winston-1.html,Michigan St.,23.0,3.5,7.0,1.9,,0.20408163265306123,18.6,2.5,5.9,1.2,0.0,3.2,0.448,0.432,32.7,30.0
Cassius Stanley,2020,54,2,20.9,Duke,Shooting Guard,G,5.4,1.4,7.6,2.4,6.6,0.569,0.733,0.319,21.9,1.4,22.55,2020.0,-0.2,0.021,-5.8,1,/players/s/stanlca01.html,https://www.sports-reference.com/cbb/players/cassius-stanley-1.html,Duke,18.5,1.9,3.6,1.9,,0.1658291457286432,12.6,4.9,1.0,0.7,0.7,1.9,0.474,0.36,27.4,29.0
Jay Scrubb,2020,55,2,19.8,John A. Logan College,Shooting Guard,G,,,,,,,,,,,1.82,,-0.05,0.0425,-3.35,2,/players/s/scrubja01.html,,,,,,,,,,,,,,,,,,
Grant Riller,2020,56,2,23.4,College of Charleston,Point Guard,G,7.1,2.8,1.8,1.1,30.1,0.609,0.796,0.286,33.6,1.4,-13.14,2020.0,0.0,0.0,0.0,0,/players/r/rillegr01.html,https://www.sports-reference.com/cbb/players/grant-riller-1.html,Charleston,30.6,4.5,6.0,1.1,,0.22329162656400384,21.9,5.1,3.9,1.6,0.3,3.1,0.499,0.362,33.5,31.0
Reggie Perry,2020,57,2,20.3,Mississippi State,Power Forward,BIG,8.5,1.6,12.4,4.1,16.4,0.587,0.748,0.194,28.6,1.6,-9.56,2020.0,-0.1,0.058,-4.1,1,/players/p/perryre01.html,https://www.sports-reference.com/cbb/players/reggie-perry-2.html,Miss. St.,28.5,3.7,6.7,1.8,,0.21599169262720666,17.4,10.1,2.3,0.8,1.2,2.9,0.5,0.324,31.1,31.0
Paul Reed,2020,58,2,21.0,DePaul,Center,BIG,9.2,3.3,11.1,9.7,11.5,0.561,0.739,0.147,24.0,2.3,7.63,2020.0,0.525,0.17975,1.325,4,/players/r/reedpa01.html,https://www.sports-reference.com/cbb/players/paul-reed-5.html,DePaul,27.5,2.2,4.9,4.2,,0.19607843137254902,15.1,10.7,1.6,1.9,2.6,2.3,0.516,0.308,31.7,29.0
Jalen Harris,2020,59,2,21.9,Nevada,Shooting Guard,G,7.6,1.9,2.8,0.5,26.5,0.56,0.823,0.369,32.7,1.3,,,0.0,0.0,0.0,0,/players/h/harrija01.html,https://www.sports-reference.com/cbb/players/jalen-harris-2.html,,26.4,3.7,6.7,0.9,,0.20181634712411706,21.7,6.5,3.9,1.1,0.1,2.4,0.446,0.362,33.0,30.0
Sam Merrill,2020,60,2,24.1,Utah State University,Shooting Guard,G,9.9,1.5,0.7,0.3,23.1,0.625,0.891,0.513,24.9,2.0,8.47,2020.0,0.35,0.10675,-0.8999999999999999,4,/players/m/merrisa01.html,https://www.sports-reference.com/cbb/players/sam-merrill-1.html,Utah St.,25.0,5.2,7.6,2.4,,0.25379803395889183,19.7,4.1,3.9,0.9,0.1,1.6,0.461,0.41,35.0,32.0
Cade Cunningham,2021,1,1,19.7,Oklahoma State,Point Guard,G,8.3,2.5,2.3,2.3,20.4,0.574,0.846,0.388,29.1,1.7,13.52,2021.0,2.4,0.078,2.45,4,/players/c/cunnica01.html,https://www.sports-reference.com/cbb/players/cade-cunningham-1.html,Oklahoma St.,21.6,2.3,5.1,3.2,,0.1673640167364017,20.1,6.2,3.5,1.6,0.8,4.0,0.438,0.4,35.4,27.0
Evan Mobley,2021,3,1,20.0,USC,Power Forward,BIG,13.7,1.4,9.6,8.8,14.1,0.624,0.694,0.117,22.8,2.6,20.5,2021.0,2.65,0.16875,3.05,4,/players/m/mobleev01.html,https://www.sports-reference.com/cbb/players/evan-mobley-1.html,USC,29.1,4.3,7.9,5.8,,0.24642857142857144,16.4,8.7,2.4,0.8,2.9,2.2,0.578,0.3,33.9,33.0
Scottie Barnes,2021,4,1,19.9,Florida State,"Power Forward, Shooting Guard,",G,7.9,3.4,7.4,2.1,31.6,0.548,0.621,0.205,23.7,1.0,13.7,2021.0,2.775,0.1015,2.6750000000000003,4,/players/b/barnesc01.html,https://www.sports-reference.com/cbb/players/scottie-barnes-1.html,Florida St.,21.4,1.5,4.3,3.6,,0.16134453781512603,10.3,4.0,4.1,1.5,0.5,2.5,0.503,0.275,24.8,24.0
Jalen Suggs,2021,5,1,20.1,Gonzaga,Point Guard,G,9.4,3.5,2.7,1.1,23.7,0.595,0.754,0.338,24.8,2.1,27.2,2021.0,1.05,0.075,0.725,4,/players/s/suggsja01.html,https://www.sports-reference.com/cbb/players/jalen-suggs-1.html,Gonzaga,22.6,2.5,4.8,4.6,,0.2119815668202765,14.4,5.3,4.5,1.9,0.3,2.9,0.503,0.337,28.9,30.0
Franz Wagner,2021,8,1,19.8,Michigan,Small Forward,F,11.9,2.3,2.9,3.2,17.4,0.587,0.835,0.392,19.7,2.0,22.0,2021.0,1.75,0.12425,1.675,4,/players/w/wagnefr01.html,https://www.sports-reference.com/cbb/players/franz-wagner-1.html,Michigan,22.1,2.7,5.8,6.1,,0.21195039458850057,12.5,6.5,3.0,1.3,1.0,1.3,0.477,0.343,31.7,28.0
Davion Mitchell,2021,9,1,22.8,Baylor,Point Guard,G,7.4,3.0,1.4,1.3,25.0,0.565,0.653,0.435,19.5,3.8,,,-0.1,0.07075,-2.425,4,/players/m/mitchda01.html,https://www.sports-reference.com/cbb/players/davion-mitchell-1.html,,21.8,3.5,6.4,3.7,,0.21392532795156408,14.0,2.7,5.5,1.9,0.4,2.4,0.511,0.447,33.0,30.0
Ziaire Williams,2021,10,1,19.8,Stanford,Small Forward,F,0.3,1.7,2.4,2.2,16.4,0.473,0.796,0.389,26.5,0.9,10.15,2021.0,-0.275,0.03625,-3.525,4,/players/w/willizi02.html,https://www.sports-reference.com/cbb/players/ziaire-williams-1.html,Stanford,11.2,-0.2,-1.2,1.5,,0.043010752688172046,10.7,4.6,2.2,0.9,0.6,2.9,0.374,0.291,27.9,20.0
James Bouknight,2021,11,1,20.8,UConn,Shooting Guard,G,8.6,2.2,5.3,0.9,12.8,0.546,0.802,0.342,31.6,0.8,15.77,2021.0,-0.25,0.011,-2.15,2,/players/b/bouknja01.html,https://www.sports-reference.com/cbb/players/james-bouknight-1.html,UConn,23.3,1.3,6.1,2.5,,0.1768421052631579,18.7,5.7,1.8,1.1,0.3,2.8,0.447,0.293,31.7,15.0
Joshua Primo,2021,12,1,18.5,Alabama,Shooting Guard,G,3.7,1.4,4.7,1.3,6.5,0.565,0.75,0.579,17.6,1.1,19.58,2021.0,-0.1,-0.3289999999999999,-15.65,2,/players/p/primojo01.html,https://www.sports-reference.com/cbb/players/joshua-primo-1.html,Alabama,13.2,1.0,1.6,2.1,,0.12462908011869436,8.1,3.4,0.8,0.6,0.3,1.4,0.431,0.381,22.5,30.0
Chris Duarte,2021,13,1,24.0,Oregon,Small Forward,F,11.5,3.4,2.7,2.9,15.9,0.657,0.803,0.478,23.9,1.4,16.15,2021.0,-0.2333333333333333,0.0716666666666666,-2.2333333333333334,3,/players/d/duartch01.html,https://www.sports-reference.com/cbb/players/chris-duarte-1.html,Oregon,26.6,3.3,8.0,3.5,,0.2121896162528217,17.1,4.6,2.7,1.9,0.8,2.3,0.532,0.424,34.1,26.0
Moses Moody,2021,14,1,19.1,Arkansas,Shooting Guard,G,7.4,1.6,6.3,2.0,8.2,0.568,0.812,0.42,22.3,1.8,17.8,2021.0,0.425,0.09375,-0.925,4,/players/m/moodymo01.html,https://www.sports-reference.com/cbb/players/moses-moody-1.html,Arkansas,20.4,3.4,5.2,2.3,,0.1922365988909427,16.8,5.8,1.6,1.0,0.7,1.6,0.427,0.358,33.8,32.0
Corey Kispert,2021,15,1,22.3,Gonzaga,Small Forward,F,11.1,1.5,3.8,1.4,9.0,0.674,0.824,0.524,22.7,1.8,27.2,2021.0,-0.15,0.0625,-2.3,4,/players/k/kispeco01.html,https://www.sports-reference.com/cbb/players/corey-kispert-1.html,Gonzaga,25.4,4.6,9.1,2.0,,0.2512266928361138,18.6,5.0,1.8,0.9,0.4,1.3,0.529,0.44,31.8,32.0
Trey Murphy III,2021,17,1,21.0,Virginia,Small Forward,F,8.4,1.8,2.8,1.8,8.2,0.67,0.927,0.628,18.4,0.9,,,2.025,0.1295,1.875,4,/players/m/murphtr02.html,https://www.sports-reference.com/cbb/players/trey-murphyiii-1.html,,20.9,2.5,5.9,2.4,,0.18944519621109607,11.3,3.4,1.2,0.8,0.4,0.8,0.503,0.433,29.6,25.0
Tre Mann,2021,18,1,20.4,Florida,Point Guard,G,7.0,2.4,2.6,0.4,21.9,0.579,0.788,0.386,25.8,1.2,13.7,2021.0,-0.2249999999999999,0.02375,-3.225,4,/players/m/manntr01.html,https://www.sports-reference.com/cbb/players/tre-mann-1.html,Florida,21.1,2.2,5.0,2.0,,0.16988416988416988,16.0,5.6,3.5,1.4,0.1,2.8,0.459,0.402,32.4,24.0
Kai Jones,2021,19,1,20.4,Texas,Center,BIG,7.5,2.1,10.0,4.2,5.4,0.646,0.677,0.238,18.0,1.1,15.51,2021.0,0.15,0.139,-0.55,2,/players/j/joneska01.html,https://www.sports-reference.com/cbb/players/kai-jones-1.html,Texas,20.7,1.6,4.0,3.5,,0.18181818181818182,8.8,4.8,0.6,0.8,0.9,1.4,0.58,0.382,22.8,26.0
Jalen Johnson,2021,20,1,19.5,Duke,Small Forward,F,8.5,3.1,8.3,6.0,20.5,0.575,0.632,0.165,28.6,0.5,13.04,2021.0,1.825,0.10675,1.875,4,/players/j/johnsja05.html,https://www.sports-reference.com/cbb/players/jalen-johnson-24.html,Duke,25.8,0.6,4.3,4.2,,0.15827338129496404,11.2,6.1,2.2,1.2,1.2,2.5,0.523,0.444,21.4,13.0
Keon Johnson,2021,21,1,19.3,Tennessee,Shooting Guard,G,4.1,2.5,4.8,2.0,20.7,0.519,0.703,0.194,26.8,1.4,16.87,2021.0,-0.3333333333333333,0.0083333333333333,-3.8,3,/players/j/johnske07.html,https://www.sports-reference.com/cbb/players/keon-johnson-2.html,Tennessee,16.3,0.7,1.0,3.1,,0.12209302325581396,11.3,3.5,2.5,1.1,0.4,2.6,0.449,0.271,25.5,27.0
Isaiah Jackson,2021,22,1,19.5,Kentucky,Center,BIG,8.3,2.1,11.2,12.7,7.4,0.587,0.7,0.015,20.5,1.2,11.77,2021.0,0.325,0.155,0.125,4,/players/j/jacksis01.html,https://www.sports-reference.com/cbb/players/isaiah-jackson-3.html,Kentucky,25.3,1.2,2.3,6.0,,0.18497109826589594,8.4,6.6,0.7,0.8,2.6,1.5,0.54,0.0,20.8,25.0
Josh Christopher,2021,24,1,19.5,Arizona State,Shooting Guard,G,4.2,2.7,2.4,1.9,9.8,0.529,0.8,0.335,25.5,0.5,15.02,2021.0,-0.3,-0.037,-6.1,2,/players/c/chrisjo01.html,https://www.sports-reference.com/cbb/players/josh-christopher-1.html,Arizona St.,17.8,0.6,2.4,1.8,,0.09865470852017938,14.3,4.7,1.4,1.5,0.5,1.7,0.432,0.305,29.7,15.0
Quentin Grimes,2021,25,1,21.1,Houston,Shooting Guard,G,1.8,1.3,2.0,0.7,12.7,0.496,0.603,0.576,18.8,1.1,,,0.575,0.08175,-0.8750000000000001,4,/players/g/grimequ01.html,https://www.sports-reference.com/cbb/players/quentin-grimes-1.html,,23.5,3.7,7.9,2.9,,0.2479674796747967,17.8,5.7,2.0,1.4,0.3,1.8,0.406,0.403,32.8,30.0
Bones Hyland,2021,26,1,20.8,VCU,Point Guard,G,8.2,3.5,0.7,0.6,16.0,0.596,0.827,0.547,31.8,1.8,11.3,2021.0,0.375,0.0715,0.0,4,/players/h/hylanbo01.html,https://www.sports-reference.com/cbb/players/nahshon-hyland-1.html,VCU,23.7,2.0,5.5,2.7,,0.19843342036553524,19.5,4.7,2.1,1.9,0.2,3.1,0.447,0.371,31.9,24.0
Cam Thomas,2021,27,1,19.7,LSU,Shooting Guard,G,6.3,1.4,2.0,0.7,8.3,0.553,0.882,0.418,31.6,0.5,15.7,2021.0,1.3877787807814457e-17,0.0385,-2.2,4,/players/t/thomaca02.html,https://www.sports-reference.com/cbb/players/cameron-thomas-1.html,LSU,24.1,4.0,7.1,-0.8,,0.18255578093306288,23.0,3.4,1.4,0.9,0.2,1.7,0.406,0.325,34.0,29.0
Jaden Springer,2021,28,1,18.7,Tennessee,Shooting Guard,G,6.9,2.7,4.6,2.0,24.1,0.57,0.81,0.203,26.0,1.3,16.87,2021.0,-0.0666666666666666,0.089,-1.9333333333333331,3,/players/s/sprinja01.html,https://www.sports-reference.com/cbb/players/jaden-springer-1.html,Tennessee,20.9,1.6,3.6,3.3,,0.17901234567901234,12.5,3.5,2.9,1.2,0.4,2.4,0.467,0.435,25.9,25.0
Day'Ron Sharpe,2021,29,1,19.6,UNC,Center,BIG,7.5,2.3,18.1,5.1,15.4,0.521,0.505,0.009,26.3,1.2,14.79,2021.0,0.55,0.144,2.775557561562892e-17,4,/players/s/sharpda01.html,https://www.sports-reference.com/cbb/players/dayron-sharpe-1.html,UNC,25.5,1.1,4.3,3.2,,0.16546762589928055,9.5,7.6,1.4,0.8,0.9,2.0,0.519,0.0,19.2,29.0
Santi Aldama,2021,30,1,20.5,Loyola (MD),Power Forward,BIG,7.7,1.7,6.1,5.6,15.5,0.594,0.639,0.331,30.5,1.2,13.94,2021.0,1.275,0.109,1.3,4,/players/a/aldamsa01.html,https://www.sports-reference.com/cbb/players/santi-aldama-1.html,Loyola (MD),28.6,1.9,6.2,1.5,,0.20840336134453782,21.2,10.1,2.3,1.0,1.7,3.2,0.513,0.368,35.0,17.0
Jeremiah Robinson-Earl,2021,32,2,20.6,Villanova,Power Forward,BIG,7.6,1.7,8.6,2.3,13.5,0.558,0.768,0.263,24.3,1.3,17.47,2021.0,-0.1,0.0735,-2.85,4,/players/r/robinje02.html,https://www.sports-reference.com/cbb/players/jeremiah-robinson-earl-1.html,Villanova,23.4,2.7,5.5,2.1,,0.19025522041763337,15.7,8.5,2.2,1.0,0.6,1.6,0.497,0.28,34.5,25.0
Jason Preston,2021,33,2,21.9,Ohio University,Point Guard,G,7.2,2.3,3.6,0.8,38.6,0.583,0.703,0.332,23.4,1.0,5.48,2021.0,0.0,0.0235,-2.6,2,/players/p/prestja01.html,https://www.sports-reference.com/cbb/players/jason-preston-1.html,Ohio,24.1,2.2,5.4,1.8,,0.18523878437047758,15.7,7.3,7.3,1.5,0.3,3.0,0.514,0.39,34.6,20.0
Herbert Jones,2021,35,2,22.7,Alabama,Small Forward,F,8.7,3.4,9.4,4.0,21.7,0.528,0.604,0.197,22.7,2.2,19.58,2021.0,0.4,0.0725,-1.6,4,/players/j/joneshe01.html,https://www.sports-reference.com/cbb/players/herb-jones-3.html,Alabama,20.6,1.7,3.4,5.3,,0.17333333333333334,11.2,6.6,3.3,1.7,1.1,2.8,0.446,0.351,27.3,33.0
Miles McBride,2021,36,2,20.8,West Virginia,Point Guard,G,9.5,3.1,3.7,1.0,28.5,0.544,0.785,0.305,22.9,1.2,15.36,2021.0,0.55,0.09875,-0.3,4,/players/m/mcbrimi01.html,https://www.sports-reference.com/cbb/players/miles-mcbride-1.html,West Virginia,22.8,3.4,6.5,3.0,,0.18970736629667004,15.9,3.9,4.8,1.9,0.3,1.8,0.431,0.414,34.2,29.0
JT Thor,2021,37,2,18.8,Auburn,Power Forward,BIG,4.7,1.9,7.7,5.9,7.1,0.547,0.741,0.387,20.4,0.8,10.02,2021.0,-0.4666666666666666,0.0253333333333333,-4.866666666666667,3,/players/t/thorjt01.html,https://www.sports-reference.com/cbb/players/jt-thor-1.html,Auburn,18.3,1.2,2.4,2.2,,0.12861736334405144,9.4,5.0,0.9,0.8,1.4,1.6,0.44,0.297,23.0,27.0
Ayo Dosunmu,2021,38,2,21.4,Illinois,Shooting Guard,G,9.5,1.8,3.9,0.6,29.2,0.566,0.75,0.191,29.5,1.8,23.25,2021.0,0.4999999999999999,0.09175,-0.975,4,/players/d/dosunay01.html,https://www.sports-reference.com/cbb/players/ayo-dosunmu-1.html,Illinois,24.0,3.3,6.4,3.1,,0.20731707317073167,20.1,6.3,5.3,1.1,0.2,3.3,0.488,0.39,35.1,28.0
Neemias Queta,2021,39,2,22.0,Utah State University,Center,BIG,12.2,2.0,10.8,13.2,18.6,0.592,0.646,0.007,24.3,2.9,11.86,2021.0,0.75,0.2027499999999999,0.0499999999999999,4,/players/q/quetane01.html,https://www.sports-reference.com/cbb/players/neemias-queta-1.html,Utah St.,30.5,2.8,5.2,6.9,,0.2663605051664753,14.9,10.1,2.7,1.1,3.3,2.4,0.559,0.0,30.0,29.0
Jared Butler,2021,40,2,20.8,Baylor,Point Guard,G,11.7,3.7,1.7,1.3,27.9,0.599,0.782,0.492,27.0,1.9,24.83,2021.0,0.0999999999999999,0.0593333333333333,-1.9,3,/players/b/butleja02.html,https://www.sports-reference.com/cbb/players/jared-butler-1.html,Baylor,25.0,3.5,7.6,4.1,,0.23736263736263738,16.7,3.3,4.8,2.0,0.4,2.8,0.471,0.416,30.3,30.0
Joe Wieskamp,2021,41,2,21.8,Iowa,Small Forward,F,9.3,1.8,4.5,1.1,10.4,0.616,0.771,0.482,22.4,1.2,21.4,2021.0,-0.1,-0.076,-10.6,1,/players/w/wieskjo01.html,https://www.sports-reference.com/cbb/players/joe-wieskamp-1.html,Iowa,22.7,2.9,7.4,1.9,,0.18081587651598674,14.8,6.6,1.7,0.9,0.3,1.4,0.491,0.462,29.3,31.0
Isaiah Livers,2021,42,2,22.9,Michigan,Power Forward,BIG,10.4,1.1,4.5,2.3,11.6,0.605,0.856,0.52,19.8,1.3,22.0,2021.0,-0.1999999999999999,0.0276666666666666,-3.8,3,/players/l/liveris01.html,https://www.sports-reference.com/cbb/players/isaiah-livers-1.html,Michigan,20.5,2.3,6.7,3.6,,0.19807427785419532,13.1,6.0,2.0,0.6,0.7,1.1,0.457,0.431,31.6,23.0
Greg Brown III,2021,43,2,19.8,Texas,Power Forward,BIG,2.5,1.6,6.7,5.0,3.8,0.535,0.708,0.472,26.9,1.2,15.51,2021.0,-0.1,-0.037,-6.45,2,/players/b/browngr01.html,https://www.sports-reference.com/cbb/players/greg-brown-9.html,Texas,16.0,0.3,-0.2,2.7,,0.11214953271028037,9.3,6.2,0.4,0.6,1.0,2.3,0.42,0.33,20.6,26.0
Kessler Edwards,2021,44,2,20.9,Pepperdine,Small Forward,F,5.6,1.6,4.4,3.9,7.2,0.606,0.789,0.356,23.6,1.4,5.65,2021.0,-0.0333333333333333,0.0756666666666666,-2.2666666666666666,3,/players/e/edwarke02.html,https://www.sports-reference.com/cbb/players/kessler-edwards-1.html,Pepperdine,21.8,2.5,4.5,1.0,,0.1703056768558952,17.2,6.8,1.2,1.0,1.2,1.8,0.491,0.378,33.9,27.0
Dalano Banton,2021,46,2,21.6,Nebraska,Point Guard,G,0.2,1.7,4.0,3.9,25.9,0.464,0.559,0.381,17.9,0.8,,,0.15,0.01925,-1.65,4,/players/b/bantoda01.html,https://www.sports-reference.com/cbb/players/dalano-banton-1.html,,16.1,0.6,1.6,3.0,,0.0923913043478261,9.6,5.9,3.9,1.0,0.9,2.5,0.411,0.247,27.3,27.0
David Johnson,2021,47,2,20.3,Louisville,Point Guard,G,3.1,1.8,2.9,0.9,18.8,0.504,0.65,0.379,23.3,1.0,10.35,2021.0,0.0,0.0,0.0,0,/players/j/johnsda08.html,https://www.sports-reference.com/cbb/players/david-johnson-13.html,Louisville,13.4,0.4,1.1,1.9,,0.08395802098950524,12.6,5.8,3.2,1.1,0.3,3.2,0.411,0.386,35.1,19.0
Sharife Cooper,2021,48,2,20.0,Auburn,Point Guard,G,4.3,1.6,2.2,0.7,51.9,0.519,0.825,0.31,33.1,0.3,10.02,2021.0,-0.3,0.041,-3.9,1,/players/c/coopesh01.html,https://www.sports-reference.com/cbb/players/sharife-cooper-1.html,Auburn,22.9,1.4,4.7,-0.4,,0.17128463476070527,20.2,4.3,8.1,1.0,0.3,4.2,0.391,0.228,33.1,12.0
Marcus Zegarowski,2021,49,2,,Creighton,,F,8.1,2.2,1.1,0.2,23.9,0.6,0.772,0.544,23.5,1.4,16.28,2021.0,0.0,0.0,0.0,0,/players/z/zegarma01.html,https://www.sports-reference.com/cbb/players/marcus-zegarowski-1.html,Creighton,20.9,2.9,5.8,2.3,,0.17659137577002051,15.8,3.6,4.3,1.3,0.1,2.1,0.464,0.421,33.6,29.0
Filip Petrušev,2021,50,2,21.2,Gonzaga,Center,BIG,6.8,1.3,10.8,3.0,10.3,0.594,0.703,0.03,30.9,1.8,27.2,2020.0,0.0,0.029,-8.0,1,/players/p/petrufi01.html,https://www.sports-reference.com/cbb/players/filip-petrusev-1.html,Gonzaga,30.5,3.7,5.9,1.0,,0.25700934579439255,17.5,7.9,1.5,0.6,0.8,2.1,0.562,0.182,25.9,33.0
Brandon Boston Jr.,2021,51,2,19.6,Kentucky,Shooting Guard,G,3.1,2.5,4.8,0.5,11.1,0.447,0.785,0.345,23.0,1.0,11.77,2021.0,-0.2333333333333333,0.011,-4.566666666666666,3,/players/b/bostobr01.html,https://www.sports-reference.com/cbb/players/brandon-bostonjr-1.html,Kentucky,13.3,0.7,1.0,2.1,,0.08432147562582346,11.5,4.5,1.6,1.3,0.2,1.4,0.355,0.3,30.4,25.0
Luka Garza,2021,52,2,22.5,Iowa,Center,BIG,13.7,1.2,10.5,5.3,12.2,0.62,0.701,0.197,32.5,1.4,21.4,2021.0,0.325,0.18675,-0.6,4,/players/g/garzalu01.html,https://www.sports-reference.com/cbb/players/luka-garza-1.html,Iowa,35.6,5.5,11.9,1.8,,0.2830769230769231,24.1,8.7,1.7,0.7,1.6,1.5,0.553,0.44,31.5,31.0
Charles Bassey,2021,53,2,20.7,Western Kentucky,Center,BIG,9.1,0.7,13.2,11.5,5.6,0.643,0.768,0.179,26.4,2.1,,2021.0,0.2,0.15675,0.7,4,/players/b/bassech01.html,https://www.sports-reference.com/cbb/players/charles-bassey-1.html,Western Ky.,32.7,3.3,6.5,2.6,,0.2538190364277321,17.6,11.6,0.7,0.4,3.1,2.2,0.59,0.305,30.4,28.0
Sandro Mamukelashvili,2021,54,2,22.1,Seton Hall,Center,BIG,6.2,1.8,6.1,1.7,20.6,0.525,0.663,0.323,28.8,1.3,11.12,2021.0,0.725,0.1235,0.5499999999999999,4,/players/m/mamuksa01.html,https://www.sports-reference.com/cbb/players/sandro-mamukelashvili-1.html,Seton Hall,20.2,1.8,4.9,1.2,,0.12903225806451615,17.5,7.6,3.2,1.1,0.6,3.3,0.434,0.336,35.6,27.0
Aaron Wiggins,2021,55,2,22.5,Maryland,Shooting Guard,G,7.0,2.1,4.4,2.0,17.3,0.55,0.769,0.432,25.4,1.6,13.94,2021.0,0.65,0.1152499999999999,-0.3,4,/players/w/wiggiaa01.html,https://www.sports-reference.com/cbb/players/aaron-wiggins-1.html,Maryland,19.9,2.1,4.9,2.1,,0.14467253176930597,14.5,5.8,2.5,1.1,0.5,2.0,0.446,0.356,33.0,31.0
Scottie Lewis,2021,56,2,21.3,Florida,Shooting Guard,G,5.8,3.5,4.0,4.4,10.4,0.535,0.759,0.344,18.0,0.9,13.7,2021.0,0.0,0.0,0.0,0,/players/l/lewissc01.html,https://www.sports-reference.com/cbb/players/scottie-lewis-1.html,Florida,14.5,0.5,1.3,4.5,,0.10408921933085502,7.9,3.1,1.5,1.6,1.0,1.9,0.445,0.318,25.6,21.0
Balša Koprivica,2021,57,2,,Florida State,,F,6.7,0.9,13.6,8.0,7.7,0.622,0.677,0.007,21.9,0.8,13.7,2021.0,0.0,0.0,0.0,0,/players/k/kopriba01.html,https://www.sports-reference.com/cbb/players/balsa-koprivica-1.html,Florida St.,24.8,1.5,3.8,2.9,,0.19658119658119658,9.1,5.6,0.8,0.3,1.4,1.3,0.599,1.0,19.5,24.0
Jericho Sims,2021,58,2,22.7,Texas,Center,BIG,6.9,1.7,10.2,4.6,5.4,0.658,0.524,0.0,17.6,1.4,15.51,2021.0,-0.075,0.12325,-2.1,4,/players/s/simsje01.html,https://www.sports-reference.com/cbb/players/jericho-sims-1.html,Texas,21.7,1.5,3.6,3.4,,0.18181818181818182,9.2,7.2,0.7,0.7,1.1,1.6,0.696,,24.5,26.0
RaiQuan Gray,2021,59,2,22.0,Florida State,Power Forward,BIG,7.4,2.6,7.0,3.1,16.1,0.582,0.732,0.142,23.3,1.3,13.7,2021.0,0.05,0.1465,2.7,2,/players/g/grayra01.html,https://www.sports-reference.com/cbb/players/raiquan-gray-1.html,Florida St.,22.2,1.7,3.7,3.7,,0.182370820668693,11.9,6.4,2.2,1.2,0.7,2.2,0.517,0.267,26.3,25.0
Paolo Banchero,2022,1,1,19.6,Duke,Power Forward,BIG,7.7,1.9,6.4,2.7,17.5,0.557,0.729,0.253,27.5,2.2,19.55,2022.0,2.2,0.0969999999999999,2.066666666666667,3,/players/b/banchpa01.html,https://www.sports-reference.com/cbb/players/paolo-banchero-1.html,Duke,24.2,4.0,5.4,2.3,,0.18973561430793157,17.2,7.8,3.2,1.1,0.9,2.4,0.478,0.338,33.0,39.0
Chet Holmgren,2022,2,1,20.2,Gonzaga,Center,BIG,15.0,1.6,8.0,12.6,11.4,0.691,0.717,0.375,21.6,3.1,25.46,2022.0,2.466666666666667,0.1899999999999999,3.333333333333333,3,/players/h/holmgch01.html,https://www.sports-reference.com/cbb/players/chet-holmgren-1.html,Gonzaga,31.3,3.3,7.5,7.5,,0.29268292682926833,14.1,9.9,1.9,0.8,3.7,1.9,0.607,0.39,26.9,32.0
Jabari Smith Jr.,2022,3,1,19.1,Auburn,Power Forward,BIG,11.1,2.1,3.5,3.8,14.0,0.57,0.799,0.44,27.6,2.3,19.2,2022.0,0.8333333333333334,0.1153333333333333,-0.6,3,/players/s/smithja05.html,https://www.sports-reference.com/cbb/players/jabari-smith-2.html,Auburn,25.1,3.2,7.4,3.8,,0.22903885480572597,16.9,7.4,2.0,1.1,1.0,1.9,0.429,0.42,28.8,34.0
Keegan Murray,2022,4,1,21.8,Iowa,Power Forward,BIG,15.7,2.3,9.8,6.4,10.1,0.638,0.749,0.3,29.7,2.0,18.9,2022.0,0.2666666666666666,0.063,-1.866666666666667,3,/players/m/murrake02.html,https://www.sports-reference.com/cbb/players/keegan-murray-1.html,Iowa,37.8,6.6,13.0,2.7,,0.3118279569892473,23.5,8.7,1.5,1.3,1.9,1.1,0.554,0.398,31.9,35.0
Jaden Ivey,2022,5,1,20.4,Purdue,Shooting Guard,G,7.2,1.7,2.7,2.0,19.2,0.579,0.739,0.406,28.7,1.4,19.15,2022.0,0.0666666666666666,0.056,-1.0333333333333334,3,/players/i/iveyja01.html,https://www.sports-reference.com/cbb/players/jaden-ivey-1.html,Purdue,22.5,3.7,5.7,1.6,,0.1802120141342756,17.3,4.9,3.1,0.9,0.6,2.6,0.46,0.358,31.4,36.0
Bennedict Mathurin,2022,6,1,20.0,Arizona,Small Forward,F,8.0,1.6,5.1,0.8,13.8,0.576,0.789,0.465,25.1,2.2,22.75,2022.0,-0.4333333333333333,0.0583333333333333,-2.9333333333333336,3,/players/m/mathube01.html,https://www.sports-reference.com/cbb/players/bennedict-mathurin-1.html,Arizona,21.1,4.0,6.1,1.9,,0.2064945878434638,17.7,5.6,2.5,1.0,0.3,1.8,0.45,0.369,32.5,37.0
Shaedon Sharpe,2022,7,1,19.1,Kentucky,Shooting Guard,G,,,,,,,,,,,20.9,,0.1333333333333333,0.0423333333333333,-1.8333333333333333,3,/players/s/sharpsh01.html,,,,,,,,,,,,,,,,,,
Jeremy Sochan,2022,9,1,19.1,Baylor,Power Forward,BIG,8.0,2.9,8.9,3.2,12.3,0.546,0.589,0.384,19.6,1.9,21.73,2022.0,-0.1333333333333333,0.082,-1.9333333333333331,3,/players/s/sochaje01.html,https://www.sports-reference.com/cbb/players/jeremy-sochan-1.html,Baylor,19.6,1.6,3.6,4.4,,0.18037135278514588,9.2,6.4,1.8,1.3,0.7,1.6,0.474,0.296,25.1,30.0
Johnny Davis,2022,10,1,20.3,Wisconsin,Shooting Guard,G,8.9,2.0,4.3,2.3,14.8,0.523,0.779,0.246,32.5,2.0,13.13,2022.0,-0.35,0.0005,-4.699999999999999,2,/players/d/davisjo06.html,https://www.sports-reference.com/cbb/players/jonathan-davis-3.html,Wisconsin,24.3,2.5,5.8,3.0,,0.16981132075471697,19.7,8.2,2.1,1.2,0.7,2.3,0.427,0.306,34.2,31.0
Jalen Williams,2022,12,1,21.2,Santa Clara,Shooting Guard,G,6.0,1.9,2.0,1.5,22.6,0.601,0.785,0.248,25.0,1.5,8.98,2022.0,2.2666666666666666,0.1603333333333333,2.8000000000000003,3,/players/w/willija06.html,https://www.sports-reference.com/cbb/players/jalen-williams-13.html,Santa Clara,22.8,3.8,4.8,1.2,,0.18434782608695652,18.0,4.4,4.2,1.2,0.5,2.1,0.513,0.396,34.8,33.0
Jalen Duren,2022,13,1,18.6,Memphis,Center,BIG,7.1,1.8,14.0,9.9,10.5,0.608,0.625,0.004,22.8,1.7,14.67,2022.0,2.3666666666666667,0.2046666666666666,2.6666666666666665,3,/players/d/durenja01.html,https://www.sports-reference.com/cbb/players/jalen-duren-1.html,Memphis,25.3,1.8,3.7,3.3,,0.19099590723055934,12.0,8.1,1.3,0.8,2.1,2.2,0.597,0.0,25.3,29.0
Ochai Agbaji,2022,14,1,22.2,Kansas,Shooting Guard,G,9.0,1.5,2.8,1.7,8.7,0.595,0.714,0.466,25.3,2.2,22.28,2022.0,-0.3333333333333333,0.0449999999999999,-3.033333333333333,3,/players/a/agbajoc01.html,https://www.sports-reference.com/cbb/players/ochai-agbaji-1.html,Kansas,20.8,4.0,6.9,2.2,,0.18141916605705927,18.8,5.1,1.6,0.9,0.6,2.1,0.475,0.407,35.1,39.0
Mark Williams,2022,15,1,20.5,Duke,Center,BIG,12.5,1.2,13.2,11.4,7.1,0.726,0.661,0.004,18.6,2.0,19.55,2022.0,1.1,0.2026666666666666,2.1,3,/players/w/willima07.html,https://www.sports-reference.com/cbb/players/mark-williams-7.html,Duke,33.1,4.3,7.8,4.8,,0.27331887201735355,11.2,7.4,0.9,0.5,2.8,0.9,0.721,0.0,23.6,39.0
AJ Griffin,2022,16,1,18.8,Duke,Small Forward,F,8.1,1.3,3.9,2.3,7.0,0.63,0.792,0.537,18.8,1.2,19.55,2022.0,-0.3,-0.12,-9.6,1,/players/g/griffaj01.html,https://www.sports-reference.com/cbb/players/aj-griffin-1.html,Duke,20.7,3.0,6.6,1.5,,0.17967914438502675,10.4,3.9,1.0,0.5,0.6,0.6,0.493,0.447,24.0,39.0
Tari Eason,2022,17,1,21.1,LSU,Power Forward,BIG,14.7,4.5,10.5,6.2,10.1,0.615,0.803,0.214,31.8,2.5,,,0.8666666666666667,0.1283333333333333,1.2,3,/players/e/easonta01.html,https://www.sports-reference.com/cbb/players/tari-eason-1.html,,33.4,3.4,9.0,5.7,,0.2928039702233251,16.9,6.6,1.0,1.9,1.1,2.2,0.521,0.359,24.4,33.0
Dalen Terry,2022,18,1,20.0,Arizona,Shooting Guard,G,8.0,2.5,5.0,1.1,22.1,0.584,0.68,0.336,14.1,2.1,22.75,2022.0,-0.1666666666666666,0.0583333333333333,-2.6,3,/players/t/terryda01.html,https://www.sports-reference.com/cbb/players/dalen-terry-1.html,Arizona,16.9,2.4,3.5,4.5,,0.1749271137026239,8.0,4.8,3.9,1.2,0.3,1.4,0.502,0.364,27.8,37.0
Jake LaRavia,2022,19,1,20.6,Wake Forest,Power Forward,BIG,8.5,2.7,7.5,3.0,20.0,0.649,0.777,0.246,20.4,2.1,,,0.3666666666666667,0.085,-1.1666666666666667,3,/players/l/laravja01.html,https://www.sports-reference.com/cbb/players/jake-laravia-1.html,,22.9,3.7,4.7,3.7,,0.20567375886524822,14.6,6.6,3.7,1.7,1.0,2.7,0.559,0.384,34.2,33.0
Malaki Branham,2022,20,1,19.1,Ohio State,Shooting Guard,G,5.7,1.5,3.5,1.0,14.5,0.596,0.833,0.277,24.1,0.8,1.5,2022.0,-0.5333333333333333,0.021,-3.6666666666666665,3,/players/b/branhma01.html,https://www.sports-reference.com/cbb/players/malaki-branham-1.html,Ohio St.,20.4,2.9,4.8,0.9,,0.1518987341772152,13.7,3.6,2.0,0.7,0.3,1.7,0.498,0.416,29.6,32.0
Christian Braun,2022,21,1,21.2,Kansas,Shooting Guard,G,9.0,1.6,4.9,2.5,14.5,0.585,0.749,0.316,20.4,2.5,22.28,2022.0,0.6333333333333334,0.1156666666666666,-0.9333333333333332,3,/players/b/braunch01.html,https://www.sports-reference.com/cbb/players/christian-braun-1.html,Kansas,19.6,3.5,5.6,3.3,,0.17467248908296942,14.1,6.5,2.8,1.0,0.8,2.0,0.495,0.386,34.4,40.0
Walker Kessler,2022,22,1,20.9,Auburn,Center,BIG,10.9,3.3,18.4,10.7,7.3,0.58,0.537,0.044,22.5,0.7,,,1.0,0.1426666666666666,2.0,3,/players/k/kesslwa01.html,https://www.sports-reference.com/cbb/players/walker-kessler-1.html,,31.4,2.8,6.2,8.0,,0.25258323765786456,11.4,8.1,0.9,1.1,4.6,1.1,0.608,0.2,25.6,34.0
David Roddy,2022,23,1,21.2,Colorado State,Power Forward,BIG,11.1,2.1,7.4,4.1,19.8,0.645,0.739,0.27,28.8,1.8,9.82,2022.0,-0.2666666666666666,0.0836666666666666,-2.1666666666666665,3,/players/r/roddyda01.html,https://www.sports-reference.com/cbb/players/david-roddy-1.html,Colorado St.,30.3,4.4,8.7,2.3,,0.24681684622918706,19.2,7.5,2.9,1.2,1.1,2.3,0.571,0.438,32.9,31.0
Blake Wesley,2022,25,1,19.3,Notre Dame,Shooting Guard,G,1.3,2.6,3.0,0.2,17.4,0.495,0.657,0.404,31.3,1.4,11.87,2022.0,-0.3,0.033,-3.9333333333333336,3,/players/w/weslebl01.html,https://www.sports-reference.com/cbb/players/blake-wesley-1.html,Notre Dame,16.9,1.1,0.5,0.8,,0.0973709834469328,14.4,3.7,2.4,1.3,0.1,2.2,0.404,0.303,29.3,35.0
Wendell Moore Jr.,2022,26,1,20.8,Duke,Shooting Guard,G,7.9,2.4,4.4,0.6,21.7,0.605,0.814,0.335,19.5,1.9,19.55,2022.0,-0.0333333333333333,0.077,-2.2666666666666666,3,/players/m/moorewe01.html,https://www.sports-reference.com/cbb/players/wendell-moorejr-1.html,Duke,21.4,4.3,5.3,2.6,,0.18731117824773413,13.4,5.3,4.4,1.4,0.2,1.9,0.5,0.413,33.9,39.0
Patrick Baldwin Jr.,2022,28,1,19.6,UW-Milwaukee,Small Forward,F,-1.8,1.7,3.7,3.2,12.0,0.45,0.743,0.489,28.3,0.4,-13.19,2022.0,-0.0999999999999999,0.0556666666666666,-2.5,3,/players/b/baldwpa01.html,https://www.sports-reference.com/cbb/players/patrick-baldwinjr-1.html,Milwaukee,13.9,0.0,-0.8,-1.0,,0.050955414012738856,12.1,5.8,1.5,0.8,0.8,2.1,0.344,0.266,28.5,11.0
TyTy Washington Jr.,2022,29,1,20.6,Kentucky,Point Guard,G,7.4,2.6,2.6,0.7,22.7,0.528,0.75,0.306,22.5,1.5,20.9,2022.0,-0.0666666666666666,-0.0053333333333333,-4.766666666666667,3,/players/w/washity02.html,https://www.sports-reference.com/cbb/players/tyty-washingtonjr-1.html,Kentucky,19.3,2.4,4.1,3.3,,0.1723756906077348,12.5,3.5,3.9,1.3,0.2,1.6,0.451,0.35,29.2,31.0
Peyton Watson,2022,30,1,19.8,UCLA,Small Forward,F,1.1,2.8,8.1,5.5,11.0,0.394,0.688,0.263,20.8,0.9,19.3,2022.0,0.0999999999999999,0.0766666666666666,-1.7333333333333334,3,/players/w/watsope01.html,https://www.sports-reference.com/cbb/players/peyton-watson-1.html,UCLA,11.2,-0.2,-2.7,3.8,,0.07901234567901234,3.3,2.9,0.8,0.6,0.6,0.9,0.322,0.226,12.7,32.0
Andrew Nembhard,2022,31,2,22.4,Gonzaga,Point Guard,G,6.9,2.3,1.2,0.3,23.3,0.569,0.813,0.432,16.7,3.8,,,0.1333333333333333,0.0683333333333333,-1.7666666666666666,3,/players/n/nembhan01.html,https://www.sports-reference.com/cbb/players/andrew-nembhard-1.html,,18.1,2.8,3.9,3.4,,0.1943634596695821,11.8,3.4,5.8,1.6,0.1,1.9,0.452,0.383,32.2,32.0
Caleb Houstan,2022,32,2,19.5,Michigan,Small Forward,F,3.1,1.4,3.1,0.8,7.4,0.53,0.783,0.595,17.9,0.9,14.26,2022.0,0.0,0.1193333333333333,-1.2666666666666668,3,/players/h/houstca01.html,https://www.sports-reference.com/cbb/players/caleb-houstan-1.html,Michigan,11.8,1.4,1.9,1.2,,0.08455882352941176,10.1,4.0,1.4,0.7,0.2,1.5,0.384,0.355,32.0,34.0
Christian Koloko,2022,33,2,22.0,Arizona,Center,BIG,10.5,1.6,12.1,10.3,9.8,0.661,0.67,0.01,20.7,2.4,22.75,2022.0,-0.15,0.084,-3.75,2,/players/k/kolokch01.html,https://www.sports-reference.com/cbb/players/christian-koloko-1.html,Arizona,28.0,3.4,5.2,5.3,,0.2507970244420829,12.6,7.3,1.4,0.8,2.8,1.6,0.635,0.0,25.4,37.0
Jaylin Williams,2022,34,2,20.0,Arkansas,Power Forward,BIG,7.9,2.3,5.3,4.0,15.3,0.538,0.731,0.231,18.2,3.0,16.27,2022.0,1.1333333333333333,0.1613333333333333,2.7,3,/players/w/willija07.html,https://www.sports-reference.com/cbb/players/jaylin-williams-2.html,Arkansas,18.9,1.9,2.7,5.2,,0.16737830913748936,10.9,9.8,2.6,1.3,1.1,1.8,0.461,0.239,31.6,37.0
Max Christie,2022,35,2,19.4,Michigan State,Shooting Guard,G,1.9,1.0,3.4,1.7,8.6,0.494,0.824,0.42,18.1,0.8,14.26,2022.0,-0.1333333333333333,0.0513333333333333,-2.533333333333333,3,/players/c/chrisma02.html,https://www.sports-reference.com/cbb/players/max-christie-1.html,Michigan St.,10.5,0.9,0.8,1.1,,0.06307977736549165,9.3,3.5,1.5,0.5,0.5,1.5,0.382,0.317,30.8,35.0
Kennedy Chandler,2022,38,2,19.8,Tennessee,Point Guard,G,9.0,4.1,2.5,0.9,32.3,0.539,0.606,0.327,25.0,2.4,20.46,2022.0,-0.3,0.029,-5.7,1,/players/c/chandke01.html,https://www.sports-reference.com/cbb/players/kennedy-chandler-1.html,Tennessee,20.2,2.2,4.2,4.8,,0.17557251908396945,13.9,3.2,4.7,2.2,0.2,2.5,0.464,0.383,30.8,34.0
Bryce McGowens,2022,40,2,19.6,Nebraska,Shooting Guard,G,1.3,1.2,2.4,1.0,8.6,0.533,0.831,0.368,27.2,0.6,3.0,2022.0,-0.3,-0.0143333333333333,-7.1000000000000005,3,/players/m/mcgowbr01.html,https://www.sports-reference.com/cbb/players/bryce-mcgowens-1.html,Nebraska,16.9,1.6,2.3,-1.0,,0.08527131782945736,16.8,5.2,1.4,0.7,0.3,2.1,0.403,0.274,33.3,31.0
E.J. Liddell,2022,41,2,21.5,Ohio State,Power Forward,BIG,11.8,1.0,8.9,8.5,17.0,0.598,0.749,0.297,30.5,1.6,1.5,2022.0,-0.0333333333333333,0.0303333333333333,-4.033333333333333,3,/players/l/liddeej01.html,https://www.sports-reference.com/cbb/players/ej-liddell-1.html,Ohio St.,30.5,4.6,8.5,3.3,,0.23728813559322032,19.4,7.9,2.5,0.6,2.6,2.4,0.49,0.374,33.2,32.0
Trevor Keels,2022,42,2,18.8,Duke,Shooting Guard,G,4.2,2.4,3.3,0.2,14.9,0.52,0.67,0.493,20.7,1.3,19.55,2022.0,0.0,-0.197,-14.5,1,/players/k/keelstr01.html,https://www.sports-reference.com/cbb/players/trevor-keels-1.html,Duke,16.5,2.3,2.7,1.5,,0.1361545538178473,11.5,3.4,2.7,1.2,0.1,1.3,0.419,0.312,30.2,36.0
Moussa Diabaté,2022,43,2,20.4,Michigan,Center,BIG,2.8,0.8,11.9,3.7,6.2,0.565,0.619,0.065,19.7,0.9,14.26,2022.0,0.6333333333333334,0.1876666666666666,1.1,3,/players/d/diabamo01.html,https://www.sports-reference.com/cbb/players/moussa-diabate-1.html,Michigan,17.6,1.6,1.6,1.1,,0.1256281407035176,9.0,6.0,0.8,0.3,0.9,1.5,0.542,0.214,24.9,32.0
Ryan Rollins,2022,44,2,20.0,Toledo,Point Guard,G,5.4,3.0,2.4,0.9,20.5,0.559,0.796,0.304,28.9,2.2,6.26,2022.0,0.6,0.1083333333333333,1.8,3,/players/r/rolliry01.html,https://www.sports-reference.com/cbb/players/ryan-rollins-1.html,Toledo,24.7,3.6,3.4,2.0,,0.20882088208820881,18.9,6.0,3.6,1.7,0.3,2.2,0.468,0.311,32.7,34.0
Josh Minott,2022,45,2,19.6,Memphis,Small Forward,F,7.2,3.1,12.9,5.4,12.8,0.571,0.754,0.088,21.9,1.0,14.67,2022.0,0.5,0.1713333333333333,3.266666666666667,3,/players/m/minotjo01.html,https://www.sports-reference.com/cbb/players/josh-minott-1.html,Memphis,23.7,1.4,3.8,3.4,,0.1987577639751553,6.6,3.8,0.9,0.8,0.7,0.9,0.522,0.143,14.6,33.0
Vince Williams Jr.,2022,47,2,21.8,VCU,Shooting Guard,G,9.2,2.9,3.5,3.8,19.6,0.629,0.773,0.585,22.6,2.5,9.83,2022.0,0.1999999999999999,0.047,-1.5,3,/players/w/willivi01.html,https://www.sports-reference.com/cbb/players/vince-williams-2.html,VCU,20.7,2.1,4.7,4.5,,0.18910585817060635,14.1,6.0,3.0,1.6,1.1,2.9,0.477,0.387,32.4,30.0
Kendall Brown,2022,48,2,19.1,Baylor,Shooting Guard,G,7.4,2.2,7.3,1.5,12.3,0.63,0.689,0.181,17.1,1.8,21.73,2022.0,-0.1,0.045,-6.8,1,/players/b/brownke03.html,https://www.sports-reference.com/cbb/players/kendall-brown-1.html,Baylor,18.4,2.2,3.7,3.6,,0.17429193899782136,9.7,4.9,1.9,1.0,0.4,1.7,0.584,0.341,27.0,34.0
Isaiah Mobley,2022,49,2,22.8,USC,Power Forward,BIG,7.9,1.3,7.5,2.7,18.8,0.535,0.596,0.337,22.4,2.0,12.5,2022.0,-0.05,0.0755,-0.9499999999999996,2,/players/m/mobleis01.html,https://www.sports-reference.com/cbb/players/isaiah-mobley-1.html,USC,21.1,2.9,5.2,2.7,,0.1798165137614679,14.2,8.3,3.3,0.8,0.9,1.9,0.445,0.352,34.1,32.0
Tyrese Martin,2022,51,2,23.3,UConn,Shooting Guard,G,1.6,1.8,6.9,1.1,6.9,0.511,0.656,0.42,18.9,3.0,,,-0.25,0.0195,-3.0,2,/players/m/martity01.html,https://www.sports-reference.com/cbb/players/tyrese-martin-1.html,,19.5,2.3,4.9,1.8,,0.16774193548387095,13.6,7.5,1.9,0.8,0.5,1.8,0.449,0.43,32.1,29.0
JD Davison,2022,53,2,19.7,Alabama,Point Guard,G,5.2,2.1,4.5,1.4,29.4,0.558,0.728,0.388,18.8,0.8,14.62,2022.0,0.0,0.083,-1.3333333333333333,3,/players/d/davisjd01.html,https://www.sports-reference.com/cbb/players/jd-davison-1.html,Alabama,16.0,1.2,3.3,1.9,,0.09859154929577466,8.5,4.8,4.3,1.0,0.4,2.9,0.463,0.301,25.8,33.0
Jabari Walker,2022,57,2,19.9,Colorado,Power Forward,BIG,5.7,1.5,8.9,2.6,10.0,0.57,0.783,0.3,27.6,2.0,9.82,2022.0,-0.1666666666666666,0.1056666666666666,-2.2666666666666666,3,/players/w/walkeja01.html,https://www.sports-reference.com/cbb/players/jabari-walker-1.html,Colorado,23.0,2.3,3.8,1.8,,0.1853448275862069,14.6,9.4,1.2,0.7,0.7,2.3,0.461,0.346,28.1,33.0
Brandon Miller,2023,2,1,20.6,Alabama,Small Forward,F,12.0,1.5,6.7,2.4,12.9,0.583,0.859,0.535,26.2,2.9,23.19,2023.0,1.1,0.066,0.8,2,/players/m/millebr02.html,https://www.sports-reference.com/cbb/players/brandon-miller-3.html,Alabama,23.4,4.1,7.8,4.3,,0.2317880794701987,18.8,8.2,2.1,0.9,0.9,2.2,0.43,0.384,32.6,37.0
Anthony Black,2023,6,1,19.4,Arkansas,Point Guard,G,6.7,3.4,4.3,1.8,20.6,0.549,0.705,0.283,20.9,2.4,15.99,2023.0,0.35,0.064,-1.25,2,/players/b/blackan01.html,https://www.sports-reference.com/cbb/players/anthony-black-1.html,Arkansas,17.2,1.8,2.8,3.9,,0.13386454183266933,12.8,5.1,3.9,2.1,0.6,3.0,0.453,0.301,34.9,36.0
Jarace Walker,2023,8,1,19.8,Houston,Power Forward,BIG,8.8,2.2,9.6,6.3,12.5,0.534,0.663,0.297,22.4,2.8,22.2,2023.0,0.0499999999999999,0.039,-1.65,2,/players/w/walkeja02.html,https://www.sports-reference.com/cbb/players/jarace-walker-1.html,Houston,22.1,2.4,4.5,4.4,,0.20967741935483872,11.2,6.8,1.8,1.0,1.3,1.5,0.465,0.347,27.6,36.0
Taylor Hendricks,2023,9,1,19.6,Central Florida,Power Forward,BIG,7.9,1.6,8.1,6.2,8.6,0.589,0.782,0.403,21.2,2.2,10.9,2023.0,-0.05,0.0205,-2.95,2,/players/h/hendrta01.html,https://www.sports-reference.com/cbb/players/taylor-hendricks-1.html,UCF,22.5,3.5,5.4,2.5,,0.19338422391857507,15.1,7.0,1.4,0.9,1.7,1.4,0.478,0.394,34.7,34.0
Cason Wallace,2023,10,1,19.6,Kentucky,Shooting Guard,G,7.7,3.7,3.3,1.6,24.3,0.543,0.757,0.407,19.9,1.6,14.76,2023.0,1.6,0.1275,1.1,2,/players/w/wallaca01.html,https://www.sports-reference.com/cbb/players/cason-wallace-1.html,Kentucky,18.5,2.2,3.6,4.2,,0.15145631067961166,11.7,3.7,4.3,2.0,0.5,2.1,0.446,0.346,32.2,32.0
Jett Howard,2023,11,1,19.8,Michigan,Small Forward,F,5.2,0.8,1.0,2.1,12.9,0.562,0.8,0.64,23.0,1.0,12.43,2023.0,-0.3,0.0484999999999999,-3.55,2,/players/h/howarje01.html,https://www.sports-reference.com/cbb/players/jett-howard-1.html,Michigan,16.7,2.1,4.2,1.0,,0.1301518438177874,14.2,2.8,2.0,0.4,0.7,1.3,0.414,0.368,31.8,29.0
Dereck Lively II,2023,12,1,19.4,Duke,Center,BIG,9.3,1.5,12.4,12.7,9.8,0.662,0.6,0.111,11.6,1.7,15.83,2023.0,0.6000000000000001,0.163,1.95,2,/players/l/livelde01.html,https://www.sports-reference.com/cbb/players/dereck-lively-ii-1.html,Duke,22.6,1.8,2.5,6.8,,0.2,5.2,5.4,1.1,0.5,2.4,0.7,0.658,0.154,20.6,34.0
Gradey Dick,2023,13,1,19.6,Kansas,Shooting Guard,G,7.7,2.5,4.0,0.8,9.4,0.581,0.854,0.523,20.5,2.1,19.2,2023.0,-0.45,0.053,-3.4000000000000004,2,/players/d/dickgr01.html,https://www.sports-reference.com/cbb/players/gradey-dick-1.html,Kansas,18.4,2.8,4.9,2.9,,0.16652506372132542,14.1,5.1,1.7,1.4,0.3,1.3,0.442,0.403,32.7,36.0
Jordan Hawkins,2023,14,1,21.2,UConn,Shooting Guard,G,8.3,1.4,3.9,1.8,8.2,0.584,0.872,0.631,25.4,1.9,22.95,2023.0,-0.95,-0.0245,-5.800000000000001,2,/players/h/hawkijo01.html,https://www.sports-reference.com/cbb/players/jordan-hawkins-1.html,UConn,20.2,3.8,6.4,1.9,,0.2099447513812155,16.2,3.8,1.3,0.7,0.5,1.4,0.409,0.388,29.4,37.0
Kobe Bufkin,2023,15,1,19.8,Michigan,Shooting Guard,G,6.7,2.3,2.6,2.1,17.4,0.578,0.833,0.337,21.8,1.7,12.43,2023.0,-0.15,-0.019,-6.7,2,/players/b/bufkiko01.html,https://www.sports-reference.com/cbb/players/kobe-bufkin-1.html,Michigan,19.2,2.5,3.5,3.3,,0.1462979482604817,14.0,4.5,2.9,1.3,0.7,1.9,0.482,0.355,34.0,33.0
Keyonte George,2023,16,1,19.6,Baylor,Point Guard,G,5.6,2.3,4.2,0.7,20.1,0.524,0.793,0.553,30.8,1.1,17.3,2023.0,0.5,0.0559999999999999,-0.9000000000000001,2,/players/g/georgke01.html,https://www.sports-reference.com/cbb/players/keyonte-george-1.html,Baylor,17.8,1.8,4.5,1.1,,0.12288135593220338,15.3,4.2,2.8,1.1,0.2,2.9,0.376,0.338,28.6,33.0
Jalen Hood-Schifino,2023,17,1,20.0,Indiana,Shooting Guard,G,0.7,1.4,1.6,0.8,20.2,0.492,0.776,0.275,25.7,1.3,14.94,2023.0,-0.4,-0.015,-6.9,1,/players/h/hoodsja01.html,https://www.sports-reference.com/cbb/players/jalen-hood-schifino-1.html,Indiana,13.0,0.6,0.4,0.3,,0.0718336483931947,13.5,4.1,3.7,0.8,0.3,2.8,0.417,0.333,33.1,32.0
Jaime Jaquez Jr.,2023,18,1,22.3,UCLA,Small Forward,F,10.7,2.8,9.0,2.2,14.6,0.543,0.737,0.192,27.9,3.3,22.11,2023.0,0.75,0.0875,-0.4,2,/players/j/jaqueja01.html,https://www.sports-reference.com/cbb/players/jaime-jaquezjr-1.html,UCLA,25.7,3.8,6.7,4.0,,0.2310821806346623,17.8,8.2,2.4,1.5,0.6,1.8,0.481,0.317,33.2,37.0
Brandin Podziemski,2023,19,1,20.3,Santa Clara,Shooting Guard,G,10.6,2.8,5.6,1.4,20.5,0.602,0.771,0.402,25.6,2.0,,,1.25,0.111,0.4499999999999999,2,/players/p/podzibr01.html,https://www.sports-reference.com/cbb/players/brandin-podziemski-1.html,,26.4,4.2,7.9,2.7,,0.2152777777777778,19.9,8.8,3.7,1.8,0.5,2.3,0.483,0.438,36.0,32.0
Cam Whitmore,2023,20,1,19.0,Villanova,Small Forward,F,6.2,3.2,3.7,1.6,6.4,0.571,0.703,0.424,25.6,1.2,10.61,2023.0,0.2,0.052,-1.5,2,/players/w/whitmca01.html,https://www.sports-reference.com/cbb/players/cam-whitmore-1.html,Villanova,20.5,1.1,3.7,2.5,,0.12976022566995768,12.5,5.3,0.7,1.4,0.3,1.6,0.478,0.343,27.3,26.0
Noah Clowney,2023,21,1,18.9,Alabama,Power Forward,BIG,8.3,1.3,8.7,3.4,5.8,0.576,0.649,0.474,18.0,2.4,23.19,2023.0,-0.55,0.026,-3.75,2,/players/c/clownno01.html,https://www.sports-reference.com/cbb/players/noah-clowney-1.html,Alabama,18.6,1.9,3.7,4.5,,0.18797814207650274,9.8,7.9,0.8,0.6,0.9,1.3,0.486,0.283,25.4,36.0
Dariq Whitehead,2023,22,1,18.9,Duke,Small Forward,F,4.0,2.2,2.7,1.1,9.3,0.548,0.793,0.497,22.4,1.0,15.83,2023.0,-0.2,-0.0185,-5.85,2,/players/w/whiteda01.html,https://www.sports-reference.com/cbb/players/dariq-whitehead-1.html,Duke,14.1,0.7,1.6,2.3,,0.11785095320623916,8.3,2.4,1.0,0.8,0.2,1.4,0.421,0.429,20.6,28.0
Kris Murray,2023,23,1,22.8,Iowa,Small Forward,F,8.9,1.7,8.5,3.3,11.7,0.572,0.699,0.432,27.0,1.1,14.08,2023.0,-0.0499999999999999,0.056,-2.25,2,/players/m/murrakr01.html,https://www.sports-reference.com/cbb/players/kris-murray-1.html,Iowa,25.9,3.6,8.4,0.5,,0.18595450049455986,20.2,7.9,2.0,1.0,1.2,1.5,0.476,0.335,34.9,29.0
Olivier-Maxence Prosper,2023,24,1,21.0,Marquette,Power Forward,BIG,2.8,2.0,5.6,0.6,5.5,0.598,0.756,0.382,18.9,2.2,,,0.25,0.0955,-1.1,2,/players/p/prospol01.html,https://www.sports-reference.com/cbb/players/olivier-maxence-prosper-1.html,,17.9,2.7,2.9,0.3,,0.1525262154432793,12.5,4.7,0.7,0.9,0.1,1.4,0.512,0.339,29.1,36.0
Marcus Sasser,2023,25,1,22.8,Houston,Point Guard,G,12.0,3.2,1.4,0.7,19.6,0.597,0.824,0.576,26.1,2.6,22.2,2023.0,0.15,0.0965,-1.15,2,/players/s/sassema01.html,https://www.sports-reference.com/cbb/players/marcus-sasser-1.html,Houston,24.9,4.6,7.7,4.3,,0.25992779783393505,16.8,2.8,3.1,1.6,0.2,1.6,0.438,0.384,30.8,36.0
Ben Sheppard,2023,26,1,21.9,Belmont,Shooting Guard,G,3.6,2.3,2.2,0.5,16.9,0.582,0.696,0.424,27.7,1.4,1.88,2023.0,-0.2,0.0655,-2.5,2,/players/s/sheppbe01.html,https://www.sports-reference.com/cbb/players/ben-sheppard-1.html,Belmont,21.8,3.0,4.0,-0.4,,0.15636363636363634,18.8,5.2,2.9,1.4,0.2,2.2,0.475,0.415,34.4,32.0
Nick Smith Jr.,2023,27,1,19.2,Arkansas,Shooting Guard,G,0.7,1.8,1.1,0.5,13.5,0.472,0.74,0.351,28.7,0.6,15.99,2023.0,-0.8,-0.003,-5.2,2,/players/s/smithni01.html,https://www.sports-reference.com/cbb/players/nick-smith-jr-1.html,Arkansas,13.0,0.3,1.0,-0.3,,0.08219178082191782,12.5,1.6,1.7,0.8,0.1,1.6,0.376,0.338,25.8,17.0
Brice Sensabaugh,2023,28,1,19.7,Ohio State,Small Forward,F,8.6,1.3,6.2,1.7,11.0,0.587,0.83,0.361,34.0,1.0,1.07,2023.0,0.0,0.0355,-1.9,2,/players/s/sensabr01.html,https://www.sports-reference.com/cbb/players/brice-sensabaugh-1.html,Ohio St.,26.4,2.8,7.8,0.8,,0.18788627935723112,16.3,5.4,1.2,0.5,0.4,2.0,0.48,0.405,24.5,33.0
Julian Strawther,2023,29,1,21.2,Gonzaga,Shooting Guard,G,5.8,1.5,3.0,1.5,6.7,0.602,0.745,0.484,22.2,1.6,18.99,2023.0,-0.5,0.0569999999999999,-3.4,2,/players/s/strawju01.html,https://www.sports-reference.com/cbb/players/julian-strawther-1.html,Gonzaga,19.7,3.2,4.9,0.9,,0.16637781629116116,15.2,6.2,1.3,0.8,0.4,1.5,0.469,0.408,31.2,37.0
Kobe Brown,2023,30,1,23.5,Missouri,Power Forward,BIG,8.9,2.8,7.3,1.9,16.9,0.655,0.747,0.319,23.6,1.2,11.41,2023.0,-0.1,0.0755,-2.4000000000000004,2,/players/b/brownko01.html,https://www.sports-reference.com/cbb/players/kobe-brown-1.html,Missouri,27.0,4.1,8.0,1.0,,0.2109452736318408,15.8,6.4,2.5,1.5,0.4,1.6,0.553,0.455,29.6,34.0
Jalen Pickett,2023,32,2,23.7,Penn State,Shooting Guard,G,5.3,2.4,3.9,3.0,36.7,0.542,0.73,0.442,23.9,3.9,,,0.0,0.0685,-1.9,2,/players/p/pickeja02.html,https://www.sports-reference.com/cbb/players/jalen-pickett-1.html,,26.6,5.5,8.0,2.9,,0.21581670362158165,17.7,7.4,6.6,0.9,0.5,2.3,0.508,0.381,36.6,37.0
Colby Jones,2023,34,2,21.1,Xavier,Shooting Guard,G,7.3,2.1,4.4,1.6,22.4,0.58,0.679,0.292,21.9,1.6,16.03,2023.0,-0.05,0.0885,-0.1999999999999999,2,/players/j/jonesco02.html,https://www.sports-reference.com/cbb/players/colby-jones-1.html,Xavier,19.8,3.0,4.8,2.5,,0.15044971381847913,15.0,5.7,4.4,1.3,0.6,2.3,0.509,0.378,34.0,36.0
Julian Phillips,2023,35,2,19.6,Tennessee,Small Forward,F,5.7,1.6,8.4,2.9,11.4,0.536,0.822,0.24,19.1,1.9,20.84,2023.0,-0.25,0.0655,-3.3,2,/players/p/phillju01.html,https://www.sports-reference.com/cbb/players/julian-phillips-1.html,Tennessee,16.6,1.6,2.0,3.8,,0.18181818181818182,8.3,4.7,1.4,0.6,0.5,1.3,0.411,0.239,24.1,32.0
Andre Jackson Jr.,2023,36,2,21.6,UConn,Shooting Guard,G,7.9,2.2,7.6,1.8,26.6,0.509,0.702,0.418,14.4,2.3,22.95,2023.0,-0.4,0.0059999999999999,-5.25,2,/players/j/jacksan01.html,https://www.sports-reference.com/cbb/players/andre-jackson-8.html,UConn,15.0,1.8,2.8,5.1,,0.15267175572519084,6.7,6.2,4.7,1.1,0.5,2.0,0.432,0.281,29.1,36.0
Hunter Tyson,2023,37,2,23.0,Clemson,Power Forward,BIG,8.1,1.6,4.7,0.4,8.3,0.631,0.79,0.571,20.1,2.3,10.53,2023.0,-0.25,0.017,-5.8,2,/players/t/tysonhu01.html,https://www.sports-reference.com/cbb/players/tyson-hunter-1.html,Clemson,22.2,3.8,6.1,2.0,,0.2033898305084746,15.3,9.6,1.5,0.9,0.1,1.0,0.479,0.405,34.7,34.0
Jordan Walsh,2023,38,2,19.3,Arkansas,Power Forward,BIG,3.8,2.6,5.8,2.0,6.7,0.513,0.712,0.332,16.2,1.6,15.99,2023.0,0.2499999999999999,0.097,-1.85,2,/players/w/walshjo01.html,https://www.sports-reference.com/cbb/players/jordan-walsh-1.html,Arkansas,12.8,1.0,0.5,3.3,,0.11389521640091116,7.1,3.9,0.9,1.1,0.5,1.0,0.433,0.278,24.4,36.0
Mouhamed Gueye,2023,39,2,20.6,Washington State,Power Forward,BIG,5.1,1.6,12.2,2.8,14.0,0.532,0.613,0.105,26.0,1.7,6.78,2023.0,0.2,0.108,-0.95,2,/players/g/gueyemo02.html,https://www.sports-reference.com/cbb/players/mouhamed-gueye-1.html,Washington St.,21.5,2.3,3.6,1.6,,0.15122873345935728,14.3,8.4,1.9,0.8,0.8,2.3,0.488,0.275,32.1,33.0
Maxwell Lewis,2023,40,2,20.9,Pepperdine,Small Forward,F,1.8,1.4,4.4,2.5,17.2,0.567,0.791,0.328,28.2,0.8,-0.12,2023.0,-0.2,0.03,-4.4,1,/players/l/lewisma05.html,https://www.sports-reference.com/cbb/players/maxwell-lewis-1.html,Pepperdine,18.7,1.7,1.8,-0.1,,0.09856262833675564,17.1,5.7,2.8,0.8,0.8,3.3,0.468,0.348,31.4,31.0
Amari Bailey,2023,41,2,19.4,UCLA,Point Guard,G,5.0,2.5,3.6,1.4,15.2,0.553,0.698,0.198,23.7,1.9,22.11,2023.0,0.0,0.0,0.0,0,/players/b/baileam01.html,https://www.sports-reference.com/cbb/players/amari-bailey-1.html,UCLA,16.4,0.9,1.7,3.3,,0.13366336633663367,11.2,3.8,2.2,1.1,0.3,2.4,0.495,0.389,26.9,30.0
GG Jackson II,2023,45,2,18.5,South Carolina,Power Forward,BIG,-0.1,1.4,5.4,2.8,6.6,0.474,0.677,0.369,30.8,0.7,-2.28,2023.0,-0.1,0.0305,-3.25,2,/players/j/jacksgg01.html,https://www.sports-reference.com/cbb/players/gregory-jackson-ii-1.html,South Carolina,14.9,0.3,1.2,-1.3,,0.039177277179236046,15.4,5.9,0.8,0.8,0.8,2.7,0.384,0.324,31.9,32.0
Seth Lundy,2023,46,2,23.2,Penn State,Small Forward,F,7.7,1.5,3.7,2.0,5.4,0.609,0.814,0.627,22.3,1.5,-8.18,2023.0,0.0,0.0,0.0,0,/players/l/lundyse01.html,https://www.sports-reference.com/cbb/players/seth-lundy-1.html,Penn St.,21.1,3.3,6.4,1.3,,0.16827344434706398,14.2,6.3,0.9,0.8,0.6,0.9,0.45,0.4,31.7,36.0
Jordan Miller,2023,48,2,23.4,Miami (FL),Small Forward,F,6.6,2.6,7.8,1.6,10.6,0.615,0.756,0.236,17.9,2.8,,,0.35,0.087,-1.2999999999999998,2,/players/m/millejo02.html,https://www.sports-reference.com/cbb/players/jordan-miller-2.html,,23.0,4.7,6.0,1.5,,0.1854714064914992,15.3,6.2,2.7,1.2,0.4,1.3,0.545,0.352,35.0,37.0
Emoni Bates,2023,49,2,19.4,Eastern Michigan,Small Forward,F,-0.4,1.3,4.2,1.7,10.2,0.495,0.646,0.497,24.7,0.6,,,0.0,0.038,-1.5,1,/players/b/batesem01.html,https://www.sports-reference.com/cbb/players/emoni-bates-1.html,,18.6,1.6,2.3,-3.1,,0.07100591715976332,19.2,5.8,1.4,0.7,0.5,2.5,0.405,0.33,33.8,30.0
Keyontae Johnson,2023,50,2,23.1,Kansas State,Small Forward,F,5.7,1.7,5.4,0.6,13.5,0.593,0.715,0.254,25.8,2.1,,,0.0,0.0,0.0,0,/players/j/johnske08.html,https://www.sports-reference.com/cbb/players/keyontae-johnson-1.html,,18.8,2.4,3.8,1.9,,0.1465798045602606,17.4,6.8,2.1,1.0,0.2,2.9,0.516,0.405,34.1,36.0
Jalen Wilson,2023,51,2,22.6,Kansas,Power Forward,BIG,7.3,1.5,5.2,1.4,12.5,0.54,0.732,0.362,29.7,2.4,19.2,2023.0,-0.9,0.0289999999999999,-4.75,2,/players/w/wilsoja03.html,https://www.sports-reference.com/cbb/players/jalen-wilson-1.html,Kansas,21.0,2.9,5.4,1.9,,0.16640502354788067,20.1,8.3,2.2,0.9,0.5,2.3,0.43,0.337,35.4,36.0
Toumani Camara,2023,52,2,23.1,Dayton,Power Forward,BIG,1.7,1.8,8.6,3.2,7.4,0.537,0.623,0.21,19.0,1.7,,,0.95,0.0905,-0.55,2,/players/c/camarto01.html,https://www.sports-reference.com/cbb/players/toumani-camara-1.html,,25.0,2.8,4.0,3.1,,0.2158979391560353,13.9,8.6,1.7,1.2,0.8,2.1,0.546,0.363,30.0,34.0
Jaylen Clark,2023,53,2,21.7,UCLA,Shooting Guard,G,11.9,5.1,7.4,1.1,11.4,0.55,0.661,0.256,21.7,2.7,22.11,2023.0,0.05,0.1185,-1.3,2,/players/c/clarkja02.html,https://www.sports-reference.com/cbb/players/jaylen-clark-1.html,UCLA,23.4,2.4,5.2,6.7,,0.22295081967213112,13.0,6.0,1.9,2.6,0.3,1.2,0.481,0.329,30.5,30.0
Jalen Slawson,2023,54,2,23.7,Furman University,Small Forward,F,7.6,2.9,6.9,5.3,19.9,0.654,0.754,0.3,24.0,2.2,4.89,2023.0,0.1,0.07,-0.4,1,/players/s/slawsja01.html,https://www.sports-reference.com/cbb/players/jalen-slawson-1.html,Furman,26.8,3.9,4.8,2.8,,0.22101449275362317,15.6,7.1,3.2,1.5,1.5,2.6,0.556,0.394,30.7,36.0
Isaiah Wong,2023,55,2,22.4,Miami (FL),Shooting Guard,G,6.1,2.4,3.9,1.2,17.1,0.578,0.807,0.369,24.3,1.3,13.98,2023.0,-0.1,0.01,-4.0,1,/players/w/wongis01.html,https://www.sports-reference.com/cbb/players/isaiah-wong-1.html,Miami (FL),21.3,3.8,4.8,1.3,,0.1649151172190784,16.2,4.3,3.2,1.4,0.4,2.1,0.445,0.384,33.4,37.0
Trayce Jackson-Davis,2023,57,2,23.3,Indiana,Center,BIG,16.0,1.4,10.1,9.0,24.8,0.608,0.676,0.0,29.4,2.4,14.94,2023.0,0.5,0.1525,0.3999999999999999,2,/players/j/jackstr02.html,https://www.sports-reference.com/cbb/players/trayce-jackson-davis-1.html,Indiana,34.2,4.8,10.5,5.5,,0.26063348416289595,20.9,10.8,4.0,0.8,2.9,2.5,0.581,,34.5,32.0
Chris Livingston,2023,58,2,19.7,Kentucky,Small Forward,F,2.6,1.2,5.7,1.7,5.5,0.513,0.722,0.321,15.7,1.0,14.76,2023.0,-0.05,0.0995,-4.4,2,/players/l/livinch01.html,https://www.sports-reference.com/cbb/players/chris-livingston-1.html,Kentucky,12.1,0.9,1.0,1.6,,0.09973753280839893,6.3,4.2,0.7,0.4,0.4,0.9,0.429,0.305,22.4,34.0
